speaker,person_id,wikidata,name2use
uk.org.publicwhip/lord/100811,uk.org.publicwhip/person/12837,NA,Lesley Griffiths
uk.org.publicwhip/lord/100145,uk.org.publicwhip/person/12873,NA,James 
uk.org.publicwhip/lord/100020,uk.org.publicwhip/person/12883,NA,Arthur 
uk.org.publicwhip/lord/100415,uk.org.publicwhip/person/12903,NA,James 
uk.org.publicwhip/lord/100414,uk.org.publicwhip/person/12904,NA,Margaret 
uk.org.publicwhip/lord/100181,uk.org.publicwhip/person/12999,NA,Alexander 
uk.org.publicwhip/lord/100551,uk.org.publicwhip/person/13006,NA,Peter 
uk.org.publicwhip/lord/100300,uk.org.publicwhip/person/13082,NA,David 
uk.org.publicwhip/lord/100842,uk.org.publicwhip/person/13151,NA,Edward 
uk.org.publicwhip/lord/100591,uk.org.publicwhip/person/13152,NA,Charles 
uk.org.publicwhip/lord/100473,uk.org.publicwhip/person/13166,NA,William 
uk.org.publicwhip/lord/100835,uk.org.publicwhip/person/13170,NA,Patrick 
uk.org.publicwhip/lord/100578,uk.org.publicwhip/person/13181,NA,John 
uk.org.publicwhip/lord/100197,uk.org.publicwhip/person/13229,NA,Merlin 
uk.org.publicwhip/lord/100713,uk.org.publicwhip/person/13266,NA,Henry 
uk.org.publicwhip/lord/100437,uk.org.publicwhip/person/13289,NA,James 
uk.org.publicwhip/lord/100377,uk.org.publicwhip/person/13298,NA,Edward 
uk.org.publicwhip/lord/100099,uk.org.publicwhip/person/13351,NA,Malcolm 
uk.org.publicwhip/lord/100729,uk.org.publicwhip/person/13403,NA,Francis 
uk.org.publicwhip/lord/100728,uk.org.publicwhip/person/13404,NA,Robert Hardy 
uk.org.publicwhip/lord/100465,uk.org.publicwhip/person/13436,NA,David 
uk.org.publicwhip/lord/100462,uk.org.publicwhip/person/13437,NA,Miles 
uk.org.publicwhip/lord/100821,uk.org.publicwhip/person/13450,NA,Tony Young
uk.org.publicwhip/lord/100137,uk.org.publicwhip/person/13516,NA,John Colville
uk.org.publicwhip/lord/100254,uk.org.publicwhip/person/13573,NA,James Gray
uk.org.publicwhip/lord/100569,uk.org.publicwhip/person/13633,NA,John 
uk.org.publicwhip/lord/100375,uk.org.publicwhip/person/13646,NA,Francis 
uk.org.publicwhip/lord/100372,uk.org.publicwhip/person/13647,NA,James 
uk.org.publicwhip/lord/100604,uk.org.publicwhip/person/13657,NA,Antony 
uk.org.publicwhip/lord/100902,uk.org.publicwhip/person/13716,NA, Turnbull
uk.org.publicwhip/lord/101226,uk.org.publicwhip/person/25251,NA,Raymond 
uk.org.publicwhip/lord/100697,uk.org.publicwhip/person/13622,Q104783350,David Wolfson
uk.org.publicwhip/lord/100221,uk.org.publicwhip/person/13312,Q104898,Norman Foster
uk.org.publicwhip/lord/100915,uk.org.publicwhip/person/13728,Q1052914,Celia Thomas
uk.org.publicwhip/lord/100024,uk.org.publicwhip/person/12879,Q105667,Catherine Ashton
uk.org.publicwhip/lord/100446,uk.org.publicwhip/person/13041,Q10567452,Charles Mowbray and Stourton
uk.org.publicwhip/lord/100389,uk.org.publicwhip/person/13154,Q1065379,Charles Lyell
uk.org.publicwhip/lord/100510,uk.org.publicwhip/person/13695,Q1065805,Charles Powell
uk.org.publicwhip/lord/100568,uk.org.publicwhip/person/12912,Q1066006,Charles Sanderson
uk.org.publicwhip/lord/100687,uk.org.publicwhip/person/12960,Q1066450,Charles Williams
uk.org.publicwhip/lord/100731,uk.org.publicwhip/person/13431,Q106762,George Porter
uk.org.publicwhip/lord/100152,uk.org.publicwhip/person/13094,Q1083483,Christine Crawley
uk.org.publicwhip/lord/100058,uk.org.publicwhip/person/13367,Q1086506,Christopher Bledisloe
uk.org.publicwhip/lord/100281,uk.org.publicwhip/person/13500,Q1086719,Christopher Haskins
uk.org.publicwhip/lord/100906,uk.org.publicwhip/person/13500,Q1086719,Christopher Haskins
uk.org.publicwhip/lord/101009,uk.org.publicwhip/person/24968,Q1086743,Christopher John Hill 
uk.org.publicwhip/lord/100463,uk.org.publicwhip/person/13438,Q1086773,Christopher Northbourne
uk.org.publicwhip/lord/100253,uk.org.publicwhip/person/13570,Q1086986,Christopher Grantchester
uk.org.publicwhip/lord/101121,uk.org.publicwhip/person/25056,Q1094831,Claire Tyler
uk.org.publicwhip/lord/100445,uk.org.publicwhip/person/13040,Q1098410,Claus Moser
uk.org.publicwhip/lord/100081,uk.org.publicwhip/person/13611,Q1101869,Clive Brooke
uk.org.publicwhip/lord/100297,uk.org.publicwhip/person/13222,Q1101965,Clive Hollick
uk.org.publicwhip/lord/100865,uk.org.publicwhip/person/10556,Q1101999,Clive Soley
uk.org.publicwhip/lord/100943,uk.org.publicwhip/person/13738,Q1108359,Colin Boyd
uk.org.publicwhip/lord/100928,uk.org.publicwhip/person/13876,Q1108533,Colin Low
uk.org.publicwhip/lord/100672,uk.org.publicwhip/person/12894,Q1111867,Diana Warwick
uk.org.publicwhip/lord/101154,uk.org.publicwhip/person/25172,Q111558,Christopher Cocksworth 
uk.org.publicwhip/lord/101145,uk.org.publicwhip/person/25164,Q111574,Paul Clive Deighton
uk.org.publicwhip/lord/100367,uk.org.publicwhip/person/13378,Q112908,Anthony Lester
uk.org.publicwhip/lord/100611,uk.org.publicwhip/person/13384,Q1149316,David Stevens
uk.org.publicwhip/lord/100104,uk.org.publicwhip/person/10090,Q1157836,Dale Campbell-Savours
uk.org.publicwhip/lord/100078,uk.org.publicwhip/person/13644,Q11590799,Heather Brigstocke
uk.org.publicwhip/lord/100071,uk.org.publicwhip/person/13635,Q1160170,Dan Brennan
uk.org.publicwhip/lord/100012,uk.org.publicwhip/person/13103,Q1173562,David Alton
uk.org.publicwhip/lord/100084,uk.org.publicwhip/person/13606,Q1173838,Keith Brookman
uk.org.publicwhip/lord/100148,uk.org.publicwhip/person/13235,Q1174088,David Craig
uk.org.publicwhip/lord/100158,uk.org.publicwhip/person/12966,Q1174122,David Currie
uk.org.publicwhip/lord/100200,uk.org.publicwhip/person/12852,Q1174371,David Evans
uk.org.publicwhip/lord/100992,uk.org.publicwhip/person/24689,Q1174459,David Anthony Freud
uk.org.publicwhip/lord/100645,uk.org.publicwhip/person/13540,Q1174523,David Trefgarne
uk.org.publicwhip/lord/101125,uk.org.publicwhip/person/25054,Q1174557,David Laurence Gold
uk.org.publicwhip/lord/100932,uk.org.publicwhip/person/13880,Q1174856,David James
uk.org.publicwhip/lord/100619,uk.org.publicwhip/person/13629,Q1174967,David Strabolgi
uk.org.publicwhip/lord/100133,uk.org.publicwhip/person/13520,Q1175362,David Cobbold
uk.org.publicwhip/lord/101130,uk.org.publicwhip/person/10394,Q1175443,David Maclean / David John Maclean Blencathra
uk.org.publicwhip/lord/100854,uk.org.publicwhip/person/12928,Q1175730,David Montgomery
uk.org.publicwhip/lord/100458,uk.org.publicwhip/person/13701,Q1175906,David Nickson
uk.org.publicwhip/lord/101133,uk.org.publicwhip/person/25071,Q1176158,David Stephen Geoffrey Pollock Hanworth
uk.org.publicwhip/lord/100593,uk.org.publicwhip/person/13456,Q1176663,Jan Simon
uk.org.publicwhip/lord/100564,uk.org.publicwhip/person/13628,Q1176712,David Staffurth Stancliffe 
uk.org.publicwhip/lord/100616,uk.org.publicwhip/person/13557,Q1176748,David Stoddart
uk.org.publicwhip/lord/101071,uk.org.publicwhip/person/25013,Q1176935,David Andrew Urquhart 
uk.org.publicwhip/lord/100690,uk.org.publicwhip/person/13072,Q1176971,Leopold Willoughby de Broke
uk.org.publicwhip/lord/100945,uk.org.publicwhip/person/13072,Q1176971,Leopold Willoughby de Broke
uk.org.publicwhip/lord/100201,uk.org.publicwhip/person/12853,Q11806772,Harry Ewing
uk.org.publicwhip/lord/101054,uk.org.publicwhip/person/25001,Q1181603,Deborah Stedman-Scott
uk.org.publicwhip/lord/100812,uk.org.publicwhip/person/12836,Q1187677,Denis Tunnicliffe
uk.org.publicwhip/lord/100916,uk.org.publicwhip/person/13726,Q1187771,Denise Kingsmill
uk.org.publicwhip/lord/100546,uk.org.publicwhip/person/13330,Q1189472,Dennis Rogan
uk.org.publicwhip/lord/100612,uk.org.publicwhip/person/13387,Q1189537,Henry Stevenson
uk.org.publicwhip/lord/100860,uk.org.publicwhip/person/10607,Q1189567,Dennis Turner / Dennis Bilston
uk.org.publicwhip/lord/100262,uk.org.publicwhip/person/13416,Q1193437,Hugh Griffiths
uk.org.publicwhip/lord/100202,uk.org.publicwhip/person/12850,Q1200019,Derek Ezra
uk.org.publicwhip/lord/100849,uk.org.publicwhip/person/10207,Q1200029,Derek Foster
uk.org.publicwhip/lord/100470,uk.org.publicwhip/person/13165,Q1201565,Detta O'Cathain
uk.org.publicwhip/lord/100187,uk.org.publicwhip/person/12997,Q1208810,Diana Eccles
uk.org.publicwhip/lord/100409,uk.org.publicwhip/person/13130,Q1208851,Diana Maddock
uk.org.publicwhip/lord/101016,uk.org.publicwhip/person/24973,Q1209038,Dianne Hayter
uk.org.publicwhip/lord/100848,uk.org.publicwhip/person/10291,Q1228567,Alan Howarth
uk.org.publicwhip/lord/101225,uk.org.publicwhip/person/25250,Q1230084,Martin John Callanan
uk.org.publicwhip/lord/101098,uk.org.publicwhip/person/10201,Q1234410,Howard Flight / Howard Emerson Flight
uk.org.publicwhip/lord/100841,uk.org.publicwhip/person/13150,Q1236990,John Stevens
uk.org.publicwhip/lord/101097,uk.org.publicwhip/person/25040,Q1237673,Tariq Mahmood Ahmad
uk.org.publicwhip/lord/101138,uk.org.publicwhip/person/25149,Q1239784,Donald Curry
uk.org.publicwhip/lord/100402,uk.org.publicwhip/person/13123,Q1240108,Donald Mackay
uk.org.publicwhip/lord/100391,uk.org.publicwhip/person/12868,Q1240110,Donald Macaulay
uk.org.publicwhip/lord/101047,uk.org.publicwhip/person/24996,Q1240602,Guy Vaughan Black
uk.org.publicwhip/lord/100421,uk.org.publicwhip/person/13552,Q1243853,Doreen Massey
uk.org.publicwhip/lord/100309,uk.org.publicwhip/person/13073,Q1247228,Ros Howells
uk.org.publicwhip/lord/100183,uk.org.publicwhip/person/13001,Q1248084,Michael Turnbull 
uk.org.publicwhip/lord/100307,uk.org.publicwhip/person/13075,Q1251189,Elspeth Howe
uk.org.publicwhip/lord/100154,uk.org.publicwhip/person/13100,Q1251985,Douglas Croham
uk.org.publicwhip/lord/100642,uk.org.publicwhip/person/13541,Q125704,John Tomlinson
uk.org.publicwhip/lord/100293,uk.org.publicwhip/person/13226,Q1267670,Robin Hodgson
uk.org.publicwhip/lord/100785,uk.org.publicwhip/person/13200,Q1268843,Garry Hart
uk.org.publicwhip/lord/101129,uk.org.publicwhip/person/25068,Q1272406,Maurice Mark Glasman
uk.org.publicwhip/lord/100491,uk.org.publicwhip/person/13602,Q127742,Malcolm Pearson
uk.org.publicwhip/lord/100944,uk.org.publicwhip/person/13602,Q127742,Malcolm Pearson
uk.org.publicwhip/lord/100033,uk.org.publicwhip/person/13527,Q1291631,Edward Baldwin
uk.org.publicwhip/lord/101068,uk.org.publicwhip/person/25008,Q1292179,Edward Peter Lawless Faulks
uk.org.publicwhip/lord/100252,uk.org.publicwhip/person/13571,Q1292384,Ted Graham
uk.org.publicwhip/lord/101109,uk.org.publicwhip/person/25048,Q1293246,Raymond Edward Harry Collins
uk.org.publicwhip/lord/100450,uk.org.publicwhip/person/13705,Q129359,Michael Mustill
uk.org.publicwhip/lord/100791,uk.org.publicwhip/person/13482,Q129362,Elaine Murphy
uk.org.publicwhip/lord/100447,uk.org.publicwhip/person/13042,Q129679,Colin Moynihan
uk.org.publicwhip/lord/100647,uk.org.publicwhip/person/13538,Q1297871,Jean Trumpington
uk.org.publicwhip/lord/100956,uk.org.publicwhip/person/13928,Q1302609,Alan West
uk.org.publicwhip/lord/100923,uk.org.publicwhip/person/13737,Q1303976,Eileen Paisley
uk.org.publicwhip/lord/100911,uk.org.publicwhip/person/13724,Q1306769,John Lee
uk.org.publicwhip/lord/101058,uk.org.publicwhip/person/25007,Q1307966,Susan Jane Nye
uk.org.publicwhip/lord/100691,uk.org.publicwhip/person/13616,Q1310059,Richard Wilson
uk.org.publicwhip/lord/100949,uk.org.publicwhip/person/13922,Q1315749,Jean Coussins
uk.org.publicwhip/lord/101023,uk.org.publicwhip/person/14049,Q132040,Jack McConnell / Jack Wilson McConnell
uk.org.publicwhip/lord/100782,uk.org.publicwhip/person/13548,Q1321683,Kishwer Falkner
uk.org.publicwhip/lord/100974,uk.org.publicwhip/person/14132,Q1322709,John Charles Saxbee 
uk.org.publicwhip/lord/100822,uk.org.publicwhip/person/13447,Q132331,Ewen Cameron
uk.org.publicwhip/lord/100859,uk.org.publicwhip/person/12933,Q1328980,Michael Laurence Langrish 
uk.org.publicwhip/lord/100036,uk.org.publicwhip/person/13524,Q1331153,Elizabeth Barker
uk.org.publicwhip/lord/101106,uk.org.publicwhip/person/25049,Q1331156,Elizabeth Rose Berridge
uk.org.publicwhip/lord/101084,uk.org.publicwhip/person/25033,Q1331188,Elizabeth Deirdre Doocey
uk.org.publicwhip/lord/100624,uk.org.publicwhip/person/13206,Q1331326,Liz Symons
uk.org.publicwhip/lord/101164,uk.org.publicwhip/person/25186,Q1351767,Geoffrey Robert James Borwick
uk.org.publicwhip/lord/100232,uk.org.publicwhip/person/13061,Q1372065,Euan Geddes
uk.org.publicwhip/lord/100319,uk.org.publicwhip/person/13432,Q1374545,Jeremy Hutchinson
uk.org.publicwhip/lord/100913,uk.org.publicwhip/person/13725,Q137911,Joyce Quin
uk.org.publicwhip/lord/100519,uk.org.publicwhip/person/13691,Q137941,Meta Ramsay
uk.org.publicwhip/lord/100456,uk.org.publicwhip/person/13689,Q137955,Donald Nicholls
uk.org.publicwhip/lord/100549,uk.org.publicwhip/person/10511,Q1379995,Jeff Rooker
uk.org.publicwhip/lord/100983,uk.org.publicwhip/person/14140,Q138185,Paul Myners
uk.org.publicwhip/lord/100518,uk.org.publicwhip/person/10495,Q138192,Giles Radice
uk.org.publicwhip/lord/100610,uk.org.publicwhip/person/13385,Q138207,Vivien Stern
uk.org.publicwhip/lord/100114,uk.org.publicwhip/person/13014,Q1412195,Peter Chadlington
uk.org.publicwhip/lord/100189,uk.org.publicwhip/person/13003,Q1416153,Murray Elder
uk.org.publicwhip/lord/100233,uk.org.publicwhip/person/13060,Q1418483,Geraint Geraint
uk.org.publicwhip/lord/100064,uk.org.publicwhip/person/12985,Q1419462,Terence Boston
uk.org.publicwhip/lord/100207,uk.org.publicwhip/person/12847,Q1422305,Richard Faulkner
uk.org.publicwhip/lord/101055,uk.org.publicwhip/person/25002,Q1423814,Kathryn Jane Parminter
uk.org.publicwhip/lord/101056,uk.org.publicwhip/person/25006,Q1424230,Kenneth Donald John Macdonald
uk.org.publicwhip/lord/100435,uk.org.publicwhip/person/13287,Q1434420,John Monson
uk.org.publicwhip/lord/100315,uk.org.publicwhip/person/13354,Q1442056,John Hunt
uk.org.publicwhip/lord/100341,uk.org.publicwhip/person/12989,Q1443517,Frank Judd
uk.org.publicwhip/lord/101177,uk.org.publicwhip/person/25197,Q14556956,Rumi Verjee
uk.org.publicwhip/lord/100648,uk.org.publicwhip/person/13535,Q1464939,Bill Ind 
uk.org.publicwhip/lord/100613,uk.org.publicwhip/person/13386,Q1474995,Ian Stewartby / Ian Stewart
uk.org.publicwhip/lord/100340,uk.org.publicwhip/person/12990,Q1482196,Bill Jordan
uk.org.publicwhip/lord/100163,uk.org.publicwhip/person/13396,Q1494208,Garfield Davies
uk.org.publicwhip/lord/100407,uk.org.publicwhip/person/10396,Q1494468,Robert Maclennan / Bob Maclennan
uk.org.publicwhip/lord/101013,uk.org.publicwhip/person/24976,Q1494837,Alastair Llewellyn John Redfern 
uk.org.publicwhip/lord/101079,uk.org.publicwhip/person/25024,Q1496611,Michael John Dobbs
uk.org.publicwhip/lord/100995,uk.org.publicwhip/person/24693,Q1498629,Michael Arthur Hill 
uk.org.publicwhip/lord/100400,uk.org.publicwhip/person/13121,Q1502237,Genista McIntosh
uk.org.publicwhip/lord/101021,uk.org.publicwhip/person/24986,Q1502637,Roy Francis Kennedy
uk.org.publicwhip/lord/100362,uk.org.publicwhip/person/13383,Q1503018,Geoffrey Lane
uk.org.publicwhip/lord/100383,uk.org.publicwhip/person/13131,Q1503024,Geoffrey Lofthouse
uk.org.publicwhip/lord/100014,uk.org.publicwhip/person/13109,Q1503047,Geoffrey Ampthill
uk.org.publicwhip/lord/100644,uk.org.publicwhip/person/13539,Q1503054,Geoffrey Tordoff
uk.org.publicwhip/lord/100852,uk.org.publicwhip/person/10211,Q1507362,George Foulkes
uk.org.publicwhip/lord/100405,uk.org.publicwhip/person/13126,Q1507828,George Mackie
uk.org.publicwhip/lord/101115,uk.org.publicwhip/person/25062,Q1507835,George Morgan Magan
uk.org.publicwhip/lord/100918,uk.org.publicwhip/person/13729,Q1507845,Charles Leach
uk.org.publicwhip/lord/100206,uk.org.publicwhip/person/12846,Q1508303,Josie Farrington
uk.org.publicwhip/lord/101116,uk.org.publicwhip/person/25065,Q1520078,Michael Ian Grade
uk.org.publicwhip/lord/100332,uk.org.publicwhip/person/12857,Q15229376,Lena Jeger
uk.org.publicwhip/lord/100248,uk.org.publicwhip/person/12914,Q1524272,Giles Goschen
uk.org.publicwhip/lord/100038,uk.org.publicwhip/person/13512,Q1524441,Steve Bassam
uk.org.publicwhip/lord/100640,uk.org.publicwhip/person/13543,Q1531195,Glenys Thornton
uk.org.publicwhip/lord/100474,uk.org.publicwhip/person/13161,Q1533969,Sally Oppenheim-Barnes
uk.org.publicwhip/lord/100614,uk.org.publicwhip/person/13389,Q1537073,Johan Steyn
uk.org.publicwhip/lord/100063,uk.org.publicwhip/person/12980,Q1537979,Gordon Borrie
uk.org.publicwhip/lord/100600,uk.org.publicwhip/person/13653,Q1538110,Gordon Slynn
uk.org.publicwhip/lord/101094,uk.org.publicwhip/person/25037,Q1538118,Gordon Joshua Wasserman
uk.org.publicwhip/lord/100229,uk.org.publicwhip/person/13304,Q1539814,Rachael Gardner
uk.org.publicwhip/lord/100965,uk.org.publicwhip/person/13941,Q1541911,Geoffrey Graham Dow 
uk.org.publicwhip/lord/100353,uk.org.publicwhip/person/13219,Q1541936,Graham Kirkham
uk.org.publicwhip/lord/100818,uk.org.publicwhip/person/12844,Q1541951,Graham Richard James 
uk.org.publicwhip/lord/100643,uk.org.publicwhip/person/13542,Q1541974,Graham Tope
uk.org.publicwhip/lord/101028,uk.org.publicwhip/person/24989,Q1542189,Rita Margaret Donaghy
uk.org.publicwhip/lord/100329,uk.org.publicwhip/person/12963,Q1546121,Greville Janner
uk.org.publicwhip/lord/100321,uk.org.publicwhip/person/13485,Q1548147,Raymond Hylton
uk.org.publicwhip/lord/101070,uk.org.publicwhip/person/25012,Q1549580,Michael Charles Williams
uk.org.publicwhip/lord/100008,uk.org.publicwhip/person/13380,Q15513253,Robert Alexander
uk.org.publicwhip/lord/101120,uk.org.publicwhip/person/25055,Q1554203,Gulam Kaderbhoy Noon
uk.org.publicwhip/lord/100395,uk.org.publicwhip/person/13565,Q1555319,Gus Macdonald
uk.org.publicwhip/lord/101140,uk.org.publicwhip/person/25152,Q1555325,Gus O'Donnell
uk.org.publicwhip/lord/101190,uk.org.publicwhip/person/25210,Q1556278,James Rudolph Palumbo
uk.org.publicwhip/lord/100513,uk.org.publicwhip/person/13694,Q1557879,Gwilym Prys-Davies
uk.org.publicwhip/lord/100028,uk.org.publicwhip/person/12875,Q1560656,John Attlee
uk.org.publicwhip/lord/100607,uk.org.publicwhip/person/13656,Q1570046,Albert Stallard
uk.org.publicwhip/lord/101180,uk.org.publicwhip/person/25199,Q15711458,Fiona Ferelith Hodgson
uk.org.publicwhip/lord/101173,uk.org.publicwhip/person/25194,Q15712833,Catherine Mary Bakewell
uk.org.publicwhip/lord/101192,uk.org.publicwhip/person/25212,Q15720639,Alicia Pamela Kennedy
uk.org.publicwhip/lord/101193,uk.org.publicwhip/person/25213,Q15720642,Susan Frances Maria Williams
uk.org.publicwhip/lord/100440,uk.org.publicwhip/person/13043,Q1572471,John Moran
uk.org.publicwhip/lord/101178,uk.org.publicwhip/person/25198,Q15782434,Alison Mary Suttie
uk.org.publicwhip/lord/100632,uk.org.publicwhip/person/12976,Q1579115,Bill Tenby
uk.org.publicwhip/lord/100238,uk.org.publicwhip/person/13069,Q15805300,Derek Gladwin
uk.org.publicwhip/lord/101176,uk.org.publicwhip/person/25196,Q15816058,Howard Darryl Leigh
uk.org.publicwhip/lord/100741,uk.org.publicwhip/person/13091,Q15820422,Irwin Bellwin
uk.org.publicwhip/lord/101186,uk.org.publicwhip/person/25205,Q15832853,Lucy Jeanne Neville-Rolfe
uk.org.publicwhip/lord/100662,uk.org.publicwhip/person/13116,Q1585945,Harold Walker
uk.org.publicwhip/lord/100698,uk.org.publicwhip/person/13615,Q1586895,Harry Woolf
uk.org.publicwhip/lord/100683,uk.org.publicwhip/person/12956,Q1590405,Richard Wilberforce
uk.org.publicwhip/lord/100535,uk.org.publicwhip/person/13280,Q1590531,Robin Renwick
uk.org.publicwhip/lord/100098,uk.org.publicwhip/person/13458,Q1592062,Hazel Byford
uk.org.publicwhip/lord/100357,uk.org.publicwhip/person/13215,Q1593125,Hector Laing
uk.org.publicwhip/lord/100403,uk.org.publicwhip/person/13124,Q1593135,Hector MacKenzie
uk.org.publicwhip/lord/100680,uk.org.publicwhip/person/12957,Q1600687,Janet Whitaker
uk.org.publicwhip/lord/101052,uk.org.publicwhip/person/24997,Q1601858,Helen Margaret Newlove
uk.org.publicwhip/lord/100122,uk.org.publicwhip/person/13252,Q1606594,Amos Chilver
uk.org.publicwhip/lord/100359,uk.org.publicwhip/person/13668,Q1608707,William Laming
uk.org.publicwhip/lord/100476,uk.org.publicwhip/person/13163,Q1610320,Herman Ouseley
uk.org.publicwhip/lord/100017,uk.org.publicwhip/person/13106,Q1617771,Peter Archer
uk.org.publicwhip/lord/101019,uk.org.publicwhip/person/24980,Q1618377,John Eric Gardiner
uk.org.publicwhip/lord/100787,uk.org.publicwhip/person/13198,Q1619191,Patricia Morris
uk.org.publicwhip/lord/100964,uk.org.publicwhip/person/13938,Q1621132,Susan Elizabeth Lady Garden
uk.org.publicwhip/lord/100243,uk.org.publicwhip/person/12918,Q1628019,Robert Goff
uk.org.publicwhip/lord/100326,uk.org.publicwhip/person/13492,Q16293034,Royston Islwyn
uk.org.publicwhip/lord/100657,uk.org.publicwhip/person/13269,Q16320490,Nicholas Vivian
uk.org.publicwhip/lord/100832,uk.org.publicwhip/person/13177,Q1634584,Hugh Trenchard
uk.org.publicwhip/lord/100550,uk.org.publicwhip/person/13005,Q1636045,John Roper
uk.org.publicwhip/lord/100807,uk.org.publicwhip/person/13054,Q1638459,Alec Broers
uk.org.publicwhip/lord/100656,uk.org.publicwhip/person/13270,Q164451,Nigel Vinson
uk.org.publicwhip/lord/100231,uk.org.publicwhip/person/13062,Q1650100,Robert Gavron
uk.org.publicwhip/lord/101128,uk.org.publicwhip/person/25066,Q1650698,Sarah Virginia Brinton
uk.org.publicwhip/lord/100030,uk.org.publicwhip/person/13526,Q1651801,Willy Bach
uk.org.publicwhip/lord/101037,uk.org.publicwhip/person/24992,Q1654013,James Younger
uk.org.publicwhip/lord/100819,uk.org.publicwhip/person/12843,Q1655388,Iain Vallance
uk.org.publicwhip/lord/100497,uk.org.publicwhip/person/13596,Q1655490,Ian Patrick Martyn Cundy 
uk.org.publicwhip/lord/100406,uk.org.publicwhip/person/13127,Q1655563,Ian MacLaurin
uk.org.publicwhip/lord/100394,uk.org.publicwhip/person/13564,Q1655577,Ian McColl
uk.org.publicwhip/lord/100980,uk.org.publicwhip/person/14138,Q1657706,Igor Judge
uk.org.publicwhip/lord/101137,uk.org.publicwhip/person/25148,Q1661016,Indarjit Singh
uk.org.publicwhip/lord/100794,uk.org.publicwhip/person/13477,Q1663616,Roger Roberts
uk.org.publicwhip/lord/100938,uk.org.publicwhip/person/13883,Q1667151,John Packer 
uk.org.publicwhip/lord/100692,uk.org.publicwhip/person/13619,Q167028,David Wilson
uk.org.publicwhip/lord/100845,uk.org.publicwhip/person/10464,Q1672680,Martin O'Neill
uk.org.publicwhip/lord/101204,uk.org.publicwhip/person/25228,Q16729331,Godfrey Bewicke-Copley Cromwell
uk.org.publicwhip/lord/100092,uk.org.publicwhip/person/13342,Q16739490,Hugh Burnham
uk.org.publicwhip/lord/100067,uk.org.publicwhip/person/12984,Q1675820,Ivon Brabazon
uk.org.publicwhip/lord/101151,uk.org.publicwhip/person/12984,Q1675820,Ivon Brabazon
uk.org.publicwhip/lord/100370,uk.org.publicwhip/person/13649,Q1677098,Jack Lewis
uk.org.publicwhip/lord/100454,uk.org.publicwhip/person/13709,Q1678324,John Martin Wharton 
uk.org.publicwhip/lord/100060,uk.org.publicwhip/person/12981,Q1680044,James Blyth
uk.org.publicwhip/lord/100132,uk.org.publicwhip/person/13519,Q1680173,James Clyde
uk.org.publicwhip/lord/100150,uk.org.publicwhip/person/12952,Q1680306,Charles Crathorne
uk.org.publicwhip/lord/100247,uk.org.publicwhip/person/12922,Q1680463,James Gordon
uk.org.publicwhip/lord/100433,uk.org.publicwhip/person/13285,Q1680843,James Molyneaux
uk.org.publicwhip/lord/101012,uk.org.publicwhip/person/24971,Q1681078,James Meyer Sassoon
uk.org.publicwhip/lord/100376,uk.org.publicwhip/person/13297,Q1681147,James Jones 
uk.org.publicwhip/lord/101181,uk.org.publicwhip/person/25200,Q1681305,James William Scobie Newcome 
uk.org.publicwhip/lord/100840,uk.org.publicwhip/person/13149,Q168177,David Ramsbotham
uk.org.publicwhip/lord/100798,uk.org.publicwhip/person/13475,Q168179,Margaret Prosser
uk.org.publicwhip/lord/100503,uk.org.publicwhip/person/13424,Q168184,Jill Pitkeathley
uk.org.publicwhip/lord/100230,uk.org.publicwhip/person/13063,Q168235,Tristan Garel-Jones
uk.org.publicwhip/lord/100810,uk.org.publicwhip/person/12838,Q1682576,Jane Bonham-Carter
uk.org.publicwhip/lord/100950,uk.org.publicwhip/person/13921,Q1682580,Jane Campbell
uk.org.publicwhip/lord/100397,uk.org.publicwhip/person/13567,Q1685695,Jean McFarlane
uk.org.publicwhip/lord/101041,uk.org.publicwhip/person/10546,Q168606,Angela Smith / Angela Evans Smith
uk.org.publicwhip/lord/101033,uk.org.publicwhip/person/24990,Q1686060,Jean Lesley Patricia Drake
uk.org.publicwhip/lord/100609,uk.org.publicwhip/person/13338,Q1686495,Jeffrey Sterling
uk.org.publicwhip/lord/100291,uk.org.publicwhip/person/13224,Q1686949,Jenny Hilton
uk.org.publicwhip/lord/101119,uk.org.publicwhip/person/25053,Q1687064,Jennifer Elizabeth Randerson
uk.org.publicwhip/lord/101066,uk.org.publicwhip/person/25009,Q1687580,Jeremy Hugh Beecham
uk.org.publicwhip/lord/101179,uk.org.publicwhip/person/14080,Q1687620,Jeremy Purvis
uk.org.publicwhip/lord/101111,uk.org.publicwhip/person/25045,Q1690715,Joan Dawson Bakewell
uk.org.publicwhip/lord/100577,uk.org.publicwhip/person/13144,Q1690778,Joan Seccombe
uk.org.publicwhip/lord/100667,uk.org.publicwhip/person/13113,Q1690787,Joan Walmsley
uk.org.publicwhip/lord/101122,uk.org.publicwhip/person/25057,Q1691253,Graham Eric Stirrup
uk.org.publicwhip/lord/100432,uk.org.publicwhip/person/13286,Q1692749,Parry Mitchell
uk.org.publicwhip/lord/100675,uk.org.publicwhip/person/12899,Q1699145,John Waverley
uk.org.publicwhip/lord/100143,uk.org.publicwhip/person/12871,Q1699659,John Cope
uk.org.publicwhip/lord/100972,uk.org.publicwhip/person/14129,Q1699743,John David James 
uk.org.publicwhip/lord/100837,uk.org.publicwhip/person/13172,Q1699919,John Eccles
uk.org.publicwhip/lord/100188,uk.org.publicwhip/person/13004,Q1699922,John Eden
uk.org.publicwhip/lord/100177,uk.org.publicwhip/person/13666,Q1700103,John Donaldson
uk.org.publicwhip/lord/100236,uk.org.publicwhip/person/13065,Q1700212,John Gilbert
uk.org.publicwhip/lord/100265,uk.org.publicwhip/person/13175,Q1700227,John Warren Gladwin 
uk.org.publicwhip/lord/100830,uk.org.publicwhip/person/13175,Q1700227,John Warren Gladwin 
uk.org.publicwhip/lord/100322,uk.org.publicwhip/person/13488,Q1700365,Peter Imbert
uk.org.publicwhip/lord/101142,uk.org.publicwhip/person/25155,Q1700556,John Inge 
uk.org.publicwhip/lord/100460,uk.org.publicwhip/person/13439,Q1700989,Sheila Noakes
uk.org.publicwhip/lord/100393,uk.org.publicwhip/person/13563,Q1701009,John McCluskey
uk.org.publicwhip/lord/100498,uk.org.publicwhip/person/13595,Q1701413,John Peyton
uk.org.publicwhip/lord/101075,uk.org.publicwhip/person/25019,Q1701479,John Lawrence Pritchard 
uk.org.publicwhip/lord/100558,uk.org.publicwhip/person/13022,Q1701670,John Sainsbury
uk.org.publicwhip/lord/100599,uk.org.publicwhip/person/13464,Q1701770,John Slim
uk.org.publicwhip/lord/100354,uk.org.publicwhip/person/13212,Q1701772,John Kirkhill
uk.org.publicwhip/lord/100908,uk.org.publicwhip/person/13720,Q1701897,John Derek Taylor
uk.org.publicwhip/lord/100669,uk.org.publicwhip/person/13120,Q1702102,John Walton
uk.org.publicwhip/lord/101002,uk.org.publicwhip/person/24699,Q1703178,Jonathan Michael Gledhill 
uk.org.publicwhip/lord/101010,uk.org.publicwhip/person/24969,Q1703194,Jonathan Hopkin Hill
uk.org.publicwhip/lord/101113,uk.org.publicwhip/person/25061,Q1703216,Jonathan Andrew Kestenbaum
uk.org.publicwhip/lord/100874,uk.org.publicwhip/person/13321,Q1703244,Jonathan Mance
uk.org.publicwhip/lord/101093,uk.org.publicwhip/person/25035,Q1703250,Jonathan Clive Marks
uk.org.publicwhip/lord/100912,uk.org.publicwhip/person/13723,Q1703253,Jonathan Marland
uk.org.publicwhip/lord/100015,uk.org.publicwhip/person/13108,Q1706584,Kay Andrews
uk.org.publicwhip/lord/100130,uk.org.publicwhip/person/13517,Q1706931,Timothy Clement-Jones
uk.org.publicwhip/lord/100095,uk.org.publicwhip/person/13347,Q1707800,Robin Butler
uk.org.publicwhip/lord/100016,uk.org.publicwhip/person/13107,Q1710027,Joyce Anelay
uk.org.publicwhip/lord/100250,uk.org.publicwhip/person/13569,Q1710036,Joyce Gould
uk.org.publicwhip/lord/101089,uk.org.publicwhip/person/25027,Q1711046,Judith Anne Jolly
uk.org.publicwhip/lord/100684,uk.org.publicwhip/person/12961,Q1711088,Judith Wilcox
uk.org.publicwhip/lord/100157,uk.org.publicwhip/person/13099,Q1711830,Julia Cumberlege
uk.org.publicwhip/lord/100261,uk.org.publicwhip/person/13415,Q1711997,Julian Grenfell
uk.org.publicwhip/lord/100313,uk.org.publicwhip/person/13352,Q1712010,Julian Hunt
uk.org.publicwhip/lord/100171,uk.org.publicwhip/person/13660,Q17123869,Jonathan Bailey 
uk.org.publicwhip/lord/100426,uk.org.publicwhip/person/10433,Q1716798,Ray Michie
uk.org.publicwhip/lord/100846,uk.org.publicwhip/person/10612,Q1722777,Paul Tyler
uk.org.publicwhip/lord/100926,uk.org.publicwhip/person/13739,Q1723111,Kamlesh Patel
uk.org.publicwhip/lord/100538,uk.org.publicwhip/person/13401,Q1736288,Kathleen Richardson
uk.org.publicwhip/lord/100410,uk.org.publicwhip/person/10406,Q1738633,Ken Maginnis / Kenneth Maginnis
uk.org.publicwhip/lord/101150,uk.org.publicwhip/person/10406,Q1738633,Ken Maginnis / Kenneth Maginnis
uk.org.publicwhip/lord/100101,uk.org.publicwhip/person/13676,Q1738844,Kenneth Cameron
uk.org.publicwhip/lord/100699,uk.org.publicwhip/person/13614,Q1738920,Ken Woolmer
uk.org.publicwhip/lord/100107,uk.org.publicwhip/person/13674,Q1739190,Alexander Carlile
uk.org.publicwhip/lord/100951,uk.org.publicwhip/person/13923,Q1740496,Khalid Hameed
uk.org.publicwhip/lord/101088,uk.org.publicwhip/person/25028,Q1741653,Nicholas Edward True
uk.org.publicwhip/lord/100559,uk.org.publicwhip/person/13026,Q174327,David Sainsbury
uk.org.publicwhip/lord/100351,uk.org.publicwhip/person/13634,Q1747305,Robert Kingsdown
uk.org.publicwhip/lord/101222,uk.org.publicwhip/person/25247,Q17489585,David Goddard
uk.org.publicwhip/lord/101213,uk.org.publicwhip/person/25238,Q17489680,Julie Elizabeth Smith
uk.org.publicwhip/lord/101219,uk.org.publicwhip/person/25244,Q17489688,Kathryn Mary Pinnock
uk.org.publicwhip/lord/101207,uk.org.publicwhip/person/25232,Q17489800,Ranbir Singh Suri
uk.org.publicwhip/lord/100489,uk.org.publicwhip/person/12938,Q175162,John Patten
uk.org.publicwhip/lord/100129,uk.org.publicwhip/person/13248,Q175463,Tony Clarke
uk.org.publicwhip/lord/100502,uk.org.publicwhip/person/13425,Q1758664,Peter Pilkington
uk.org.publicwhip/lord/100286,uk.org.publicwhip/person/13493,Q1764746,Oliver Henley
uk.org.publicwhip/lord/100245,uk.org.publicwhip/person/12924,Q177370,Peter Goldsmith
uk.org.publicwhip/lord/100606,uk.org.publicwhip/person/13655,Q1774165,Thomas Frederick Butler 
uk.org.publicwhip/lord/100829,uk.org.publicwhip/person/13453,Q1779960,Timothy John Stevens 
uk.org.publicwhip/lord/100796,uk.org.publicwhip/person/13479,Q1787380,Alexander Leitch
uk.org.publicwhip/lord/101031,uk.org.publicwhip/person/24982,Q1787544,Maeve Christina Mary Sherlock
uk.org.publicwhip/lord/101208,uk.org.publicwhip/person/25233,Q17917450,Michale Stahel Farmer
uk.org.publicwhip/lord/100781,uk.org.publicwhip/person/13196,Q1791962,Kumar Bhattacharyya
uk.org.publicwhip/lord/100958,uk.org.publicwhip/person/13931,Q1793381,Shriti Vadera
uk.org.publicwhip/lord/100584,uk.org.publicwhip/person/13188,Q1799092,Pamela Sharples
uk.org.publicwhip/lord/100571,uk.org.publicwhip/person/13146,Q1809254,Tom Sawyer
uk.org.publicwhip/lord/100605,uk.org.publicwhip/person/13658,Q1809334,Ernest Soulsby
uk.org.publicwhip/lord/100381,uk.org.publicwhip/person/13305,Q180975,Andrew Lloyd-Webber
uk.org.publicwhip/lord/100448,uk.org.publicwhip/person/13035,Q1817220,Lionel Murray
uk.org.publicwhip/lord/100294,uk.org.publicwhip/person/13221,Q1818985,Leonard Hoffmann
uk.org.publicwhip/lord/100823,uk.org.publicwhip/person/13448,Q1819042,Leonard Steinberg
uk.org.publicwhip/lord/100696,uk.org.publicwhip/person/13623,Q1819052,Leonard Wolfson
uk.org.publicwhip/lord/101216,uk.org.publicwhip/person/25241,Q18205954,Caroline Elizabeth Chisholm
uk.org.publicwhip/lord/101212,uk.org.publicwhip/person/25237,Q18206100,Andrew Timothy Cooper
uk.org.publicwhip/lord/100650,uk.org.publicwhip/person/13272,Q1820827,Leslie Turnberg
uk.org.publicwhip/lord/101220,uk.org.publicwhip/person/25245,Q18210190,Natalie Jessica Evans
uk.org.publicwhip/lord/101215,uk.org.publicwhip/person/25240,Q18210280,Christopher Francis Fox
uk.org.publicwhip/lord/101210,uk.org.publicwhip/person/25235,Q18211172,Nosheena Shaheen Mobarik
uk.org.publicwhip/lord/101218,uk.org.publicwhip/person/25243,Q18216906,Christopher John Lennie
uk.org.publicwhip/lord/100824,uk.org.publicwhip/person/13445,Q182533,David Alliance
uk.org.publicwhip/lord/100467,uk.org.publicwhip/person/13434,Q1826280,Lindsay Northover
uk.org.publicwhip/lord/100156,uk.org.publicwhip/person/13098,Q185189,Douglas Cullen
uk.org.publicwhip/lord/100244,uk.org.publicwhip/person/10233,Q1866867,Llin Golding
uk.org.publicwhip/lord/100212,uk.org.publicwhip/person/13472,Q186770,Geoffrey Filkin
uk.org.publicwhip/lord/101233,uk.org.publicwhip/person/25260,Q18746979,Simon Russell
uk.org.publicwhip/lord/100877,uk.org.publicwhip/person/13322,Q187562,Ruth Deech
uk.org.publicwhip/lord/100116,uk.org.publicwhip/person/13012,Q1878797,Lynda Chalker
uk.org.publicwhip/lord/100279,uk.org.publicwhip/person/13147,Q1878814,Lyndon Harrison
uk.org.publicwhip/lord/100135,uk.org.publicwhip/person/13514,Q188502,Sebastian Coe
uk.org.publicwhip/lord/100580,uk.org.publicwhip/person/13184,Q1887022,Malcolm Selsdon
uk.org.publicwhip/lord/100755,uk.org.publicwhip/person/13364,Q1887053,Malcolm Shepherd
uk.org.publicwhip/lord/101062,uk.org.publicwhip/person/25003,Q1894821,Ellen Margaret Eaton
uk.org.publicwhip/lord/100925,uk.org.publicwhip/person/13740,Q1894835,Margaret Ford
uk.org.publicwhip/lord/100803,uk.org.publicwhip/person/13058,Q1894863,Margaret McDonagh
uk.org.publicwhip/lord/100789,uk.org.publicwhip/person/13558,Q1894910,Margaret Wall
uk.org.publicwhip/lord/101049,uk.org.publicwhip/person/24998,Q1894916,Margaret Eileen Joyce Wheeler
uk.org.publicwhip/lord/100634,uk.org.publicwhip/person/12974,Q1905135,Martin Thomas
uk.org.publicwhip/lord/100249,uk.org.publicwhip/person/12915,Q1906271,Mary Goudie
uk.org.publicwhip/lord/100199,uk.org.publicwhip/person/13243,Q1909492,Matthew Evans
uk.org.publicwhip/lord/100922,uk.org.publicwhip/person/13733,Q1911383,Maurice Morrow
uk.org.publicwhip/lord/100496,uk.org.publicwhip/person/13597,Q1911403,Maurice Peston
uk.org.publicwhip/lord/100059,uk.org.publicwhip/person/13692,Q1914355,May Blood
uk.org.publicwhip/lord/100910,uk.org.publicwhip/person/10605,Q192556,David Trimble / William Trimble
uk.org.publicwhip/lord/100967,uk.org.publicwhip/person/10605,Q192556,David Trimble / William Trimble
uk.org.publicwhip/lord/100010,uk.org.publicwhip/person/13105,Q1926783,Michael Allenby
uk.org.publicwhip/lord/100976,uk.org.publicwhip/person/14134,Q1926893,Michael Walton Bates
uk.org.publicwhip/lord/101008,uk.org.publicwhip/person/24708,Q1926972,Michael George Bichard
uk.org.publicwhip/lord/101004,uk.org.publicwhip/person/24706,Q1927449,Michael Francis Perham 
uk.org.publicwhip/lord/101240,uk.org.publicwhip/person/25266,Q19277257,Charles Hay 
uk.org.publicwhip/lord/100904,uk.org.publicwhip/person/13718,Q1927727,Michael John Hastings
uk.org.publicwhip/lord/100451,uk.org.publicwhip/person/13704,Q1928654,Michael Naseby
uk.org.publicwhip/lord/100693,uk.org.publicwhip/person/13618,Q1929333,Michael Charles Scott-Joynt 
uk.org.publicwhip/lord/100673,uk.org.publicwhip/person/12893,Q1929744,Mike Watson
uk.org.publicwhip/lord/101126,uk.org.publicwhip/person/25060,Q1933538,Michael John Storey
uk.org.publicwhip/lord/100940,uk.org.publicwhip/person/13885,Q1943636,Molly Meacher
uk.org.publicwhip/lord/101103,uk.org.publicwhip/person/25043,Q1945210,Monroe Edward Palmer
uk.org.publicwhip/lord/101081,uk.org.publicwhip/person/25022,Q194548,John Kevin Sharkey
uk.org.publicwhip/lord/100574,uk.org.publicwhip/person/13141,Q194713,Patricia Scotland
uk.org.publicwhip/lord/100581,uk.org.publicwhip/person/13183,Q194730,John Sewel
uk.org.publicwhip/lord/101152,uk.org.publicwhip/person/13183,Q194730,John Sewel
uk.org.publicwhip/lord/100795,uk.org.publicwhip/person/13478,Q194733,Diljit Rana
uk.org.publicwhip/lord/100258,uk.org.publicwhip/person/13561,Q194757,Sally Greengross
uk.org.publicwhip/lord/100524,uk.org.publicwhip/person/13244,Q194760,Edward Razzall
uk.org.publicwhip/lord/100532,uk.org.publicwhip/person/13277,Q194813,Chrisopher Rennard
uk.org.publicwhip/lord/100529,uk.org.publicwhip/person/13291,Q194896,William Rees-Mogg
uk.org.publicwhip/lord/100651,uk.org.publicwhip/person/13271,Q1953730,Muriel Turner
uk.org.publicwhip/lord/100487,uk.org.publicwhip/person/12951,Q1965255,Narendra Patel
uk.org.publicwhip/lord/100905,uk.org.publicwhip/person/13717,Q1974719,Neil Forbes Davidson
uk.org.publicwhip/lord/100511,uk.org.publicwhip/person/13071,Q198183,Usha Prashar
uk.org.publicwhip/lord/100576,uk.org.publicwhip/person/13143,Q198242,Rosalind Scott
uk.org.publicwhip/lord/100582,uk.org.publicwhip/person/13186,Q198248,Colin Sharman
uk.org.publicwhip/lord/100583,uk.org.publicwhip/person/13185,Q198305,Margaret Sharp
uk.org.publicwhip/lord/101038,uk.org.publicwhip/person/24991,Q1984928,Nicholas Le Poer Trench 
uk.org.publicwhip/lord/101001,uk.org.publicwhip/person/24700,Q1984977,Nicholas Stewart Reade 
uk.org.publicwhip/lord/100820,uk.org.publicwhip/person/13449,Q1986093,Nicky Chapman
uk.org.publicwhip/lord/100736,uk.org.publicwhip/person/13682,Q1989558,Nigel McCulloch 
uk.org.publicwhip/lord/100872,uk.org.publicwhip/person/13682,Q1989558,Nigel McCulloch 
uk.org.publicwhip/lord/100162,uk.org.publicwhip/person/13397,Q1996551,Nora David
uk.org.publicwhip/lord/100053,uk.org.publicwhip/person/13240,Q1999448,Norman Blackwell
uk.org.publicwhip/lord/100296,uk.org.publicwhip/person/13223,Q1999546,Norman Hogg
uk.org.publicwhip/lord/100670,uk.org.publicwhip/person/12896,Q1999717,Norman Warner
uk.org.publicwhip/lord/100113,uk.org.publicwhip/person/13017,Q201930,Richard Cavendish
uk.org.publicwhip/lord/100459,uk.org.publicwhip/person/13710,Q2019959,Wendy Nicol
uk.org.publicwhip/lord/101132,uk.org.publicwhip/person/25070,Q202923,Michael David Bishop Glendonbrook
uk.org.publicwhip/lord/100987,uk.org.publicwhip/person/14147,Q203096,Susan Catherine Campbell
uk.org.publicwhip/lord/100449,uk.org.publicwhip/person/13036,Q2032852,Oscar Murton
uk.org.publicwhip/lord/101086,uk.org.publicwhip/person/25031,Q2056875,Patience Jane Wheatcroft
uk.org.publicwhip/lord/100298,uk.org.publicwhip/person/13217,Q2057200,Patricia Hollis
uk.org.publicwhip/lord/100786,uk.org.publicwhip/person/13199,Q2057478,Patrick Carter
uk.org.publicwhip/lord/100452,uk.org.publicwhip/person/13703,Q2057844,Francis Neill
uk.org.publicwhip/lord/100701,uk.org.publicwhip/person/13025,Q2058046,Patrick Wright
uk.org.publicwhip/lord/100954,uk.org.publicwhip/person/13926,Q2058908,Paul Bew
uk.org.publicwhip/lord/101200,uk.org.publicwhip/person/25222,Q2059064,Paul Roger Butler 
uk.org.publicwhip/lord/101092,uk.org.publicwhip/person/25026,Q2062610,Paul Cline Strasburger
uk.org.publicwhip/lord/100271,uk.org.publicwhip/person/13139,Q2063101,Paul Hanningfield
uk.org.publicwhip/lord/100962,uk.org.publicwhip/person/13936,Q2063799,Lilian Pauline Neville-Jones
uk.org.publicwhip/lord/100094,uk.org.publicwhip/person/13451,Q2073144,Peta Buscombe
uk.org.publicwhip/lord/100065,uk.org.publicwhip/person/12986,Q2074073,Peter Bowness
uk.org.publicwhip/lord/100223,uk.org.publicwhip/person/13314,Q2074969,Peter Fraser
uk.org.publicwhip/lord/101076,uk.org.publicwhip/person/25018,Q2075616,Peter John Hennessy
uk.org.publicwhip/lord/100368,uk.org.publicwhip/person/13587,Q2076647,Peter Levene
uk.org.publicwhip/lord/100429,uk.org.publicwhip/person/13547,Q2077068,Peter Millett
uk.org.publicwhip/lord/100977,uk.org.publicwhip/person/14135,Q2077618,Peter Price 
uk.org.publicwhip/lord/100793,uk.org.publicwhip/person/10554,Q2078392,Peter Snape
uk.org.publicwhip/lord/100631,uk.org.publicwhip/person/10592,Q2078620,Peter Temple-Morris
uk.org.publicwhip/lord/100575,uk.org.publicwhip/person/13142,Q2079879,Richard Scott
uk.org.publicwhip/lord/100009,uk.org.publicwhip/person/13381,Q2086030,Philip Allen
uk.org.publicwhip/lord/100806,uk.org.publicwhip/person/13053,Q2086183,Philip Gould
uk.org.publicwhip/lord/100314,uk.org.publicwhip/person/13353,Q2086241,Philip Hunt
uk.org.publicwhip/lord/100439,uk.org.publicwhip/person/13275,Q2086349,Philip Moore
uk.org.publicwhip/lord/100652,uk.org.publicwhip/person/13274,Q2100977,Pola Uddin
uk.org.publicwhip/lord/101051,uk.org.publicwhip/person/25000,Q211806,John Warren Shipley
uk.org.publicwhip/lord/100166,uk.org.publicwhip/person/13393,Q211894,Brenda Dean
uk.org.publicwhip/lord/101110,uk.org.publicwhip/person/25046,Q2123669,Qurban Hussain
uk.org.publicwhip/lord/100031,uk.org.publicwhip/person/13525,Q2128612,Raj Bagri
uk.org.publicwhip/lord/101096,uk.org.publicwhip/person/25039,Q2128619,Rajinder Paul Loomba
uk.org.publicwhip/lord/100385,uk.org.publicwhip/person/13301,Q2129725,Ralph Lucas
uk.org.publicwhip/lord/100504,uk.org.publicwhip/person/13427,Q2134237,Raymond Plant
uk.org.publicwhip/lord/100868,uk.org.publicwhip/person/13577,Q2144088,Rennie Fritchie
uk.org.publicwhip/lord/100044,uk.org.publicwhip/person/13507,Q2149085,Richard Best
uk.org.publicwhip/lord/100479,uk.org.publicwhip/person/13168,Q2149722,Richard Douglas Harries  / Richard Harries
uk.org.publicwhip/lord/100937,uk.org.publicwhip/person/13168,Q2149722,Richard Douglas Harries  / Richard Harries
uk.org.publicwhip/lord/100299,uk.org.publicwhip/person/13216,Q2149817,Richard Holme
uk.org.publicwhip/lord/100453,uk.org.publicwhip/person/13702,Q2150285,Richard Newby
uk.org.publicwhip/lord/100556,uk.org.publicwhip/person/13588,Q2150490,Richard Ryder
uk.org.publicwhip/lord/101090,uk.org.publicwhip/person/10561,Q2150632,Richard Spring / Richard John Grenville Spring Risby
uk.org.publicwhip/lord/100019,uk.org.publicwhip/person/13096,Q2156391,Robert Armstrong
uk.org.publicwhip/lord/101077,uk.org.publicwhip/person/25025,Q2156430,Robert George Alexander Balchin Lingfield
uk.org.publicwhip/lord/100176,uk.org.publicwhip/person/13665,Q2156898,Robert Dixon-Smith
uk.org.publicwhip/lord/101099,uk.org.publicwhip/person/25041,Q2156975,Robert Norman Edmiston
uk.org.publicwhip/lord/100312,uk.org.publicwhip/person/13454,Q2157626,Robert Hughes
uk.org.publicwhip/lord/100588,uk.org.publicwhip/person/10535,Q2158815,Robert Sheldon
uk.org.publicwhip/lord/100663,uk.org.publicwhip/person/13117,Q2159125,Robert Walker
uk.org.publicwhip/lord/100668,uk.org.publicwhip/person/13119,Q2159130,Robert Walpole
uk.org.publicwhip/lord/100074,uk.org.publicwhip/person/13640,Q2159724,Robin Bridgeman
uk.org.publicwhip/lord/100552,uk.org.publicwhip/person/13592,Q2159731,Robin Rotherwick
uk.org.publicwhip/lord/100144,uk.org.publicwhip/person/10132,Q2159745,Robin Corbett
uk.org.publicwhip/lord/100597,uk.org.publicwhip/person/13460,Q2161623,Roger Skelmersdale
uk.org.publicwhip/lord/100125,uk.org.publicwhip/person/13257,Q2161654,Roger Chorley
uk.org.publicwhip/lord/101014,uk.org.publicwhip/person/24975,Q2161778,Roger John Liddle
uk.org.publicwhip/lord/100623,uk.org.publicwhip/person/13205,Q2161892,Roger Swinfen
uk.org.publicwhip/lord/100167,uk.org.publicwhip/person/13392,Q2165600,Ronald Dearing
uk.org.publicwhip/lord/100478,uk.org.publicwhip/person/13169,Q2165718,Ronald Oxburgh
uk.org.publicwhip/lord/100527,uk.org.publicwhip/person/13031,Q2176577,Rupert Redesdale
uk.org.publicwhip/lord/100836,uk.org.publicwhip/person/13173,Q2176582,Rupert de Mauley
uk.org.publicwhip/lord/101123,uk.org.publicwhip/person/25058,Q2177683,Margot Ruth Aline Lister
uk.org.publicwhip/lord/100592,uk.org.publicwhip/person/13455,Q219492,David Shutt
uk.org.publicwhip/lord/100792,uk.org.publicwhip/person/13483,Q220008,Anthony Giddens
uk.org.publicwhip/lord/100268,uk.org.publicwhip/person/13422,Q2214692,Sally Hamwee
uk.org.publicwhip/lord/100917,uk.org.publicwhip/person/13730,Q2220828,Sandip Verma
uk.org.publicwhip/lord/100927,uk.org.publicwhip/person/13875,Q2221446,Alexander Bruce-Lockhart
uk.org.publicwhip/lord/100295,uk.org.publicwhip/person/13220,Q2224383,Sarah Hogg
uk.org.publicwhip/lord/100218,uk.org.publicwhip/person/13474,Q222985,Janet Fookes
uk.org.publicwhip/lord/100969,uk.org.publicwhip/person/14126,Q224911,Haleh Afshar
uk.org.publicwhip/lord/101026,uk.org.publicwhip/person/24985,Q2279337,Shireen Olive Ritchie
uk.org.publicwhip/lord/100216,uk.org.publicwhip/person/13468,Q2280215,Shreela Flather
uk.org.publicwhip/lord/100240,uk.org.publicwhip/person/12919,Q2287381,Simon Glenarthur
uk.org.publicwhip/lord/100625,uk.org.publicwhip/person/13207,Q2287412,Simon Tanlaw
uk.org.publicwhip/lord/100815,uk.org.publicwhip/person/12841,Q2287419,Simon Denis Brown
uk.org.publicwhip/lord/100280,uk.org.publicwhip/person/13499,Q2287534,Simon Haskel
uk.org.publicwhip/lord/101035,uk.org.publicwhip/person/24988,Q2287912,Simon Adam Wolfson
uk.org.publicwhip/lord/100530,uk.org.publicwhip/person/12967,Q232260,Ruth Rendell
uk.org.publicwhip/lord/100780,uk.org.publicwhip/person/13197,Q2331728,Stanley Kalms
uk.org.publicwhip/lord/100833,uk.org.publicwhip/person/13176,Q23368,Chris Patten
uk.org.publicwhip/lord/100982,uk.org.publicwhip/person/14139,Q2344609,Stephen Andrew Carter
uk.org.publicwhip/lord/101161,uk.org.publicwhip/person/25179,Q2348468,Michael Fitzhardinge Berkeley
uk.org.publicwhip/lord/100520,uk.org.publicwhip/person/13038,Q2357948,Stuart Randall
uk.org.publicwhip/lord/100419,uk.org.publicwhip/person/12909,Q2368850,Susan Masham
uk.org.publicwhip/lord/100638,uk.org.publicwhip/person/12935,Q2368965,Susan Thomas
uk.org.publicwhip/lord/100547,uk.org.publicwhip/person/13329,Q237412,Richard Rogers
uk.org.publicwhip/lord/100809,uk.org.publicwhip/person/10516,Q2399855,Ted Rowlands
uk.org.publicwhip/lord/100957,uk.org.publicwhip/person/13930,Q24039,Digby Jones
uk.org.publicwhip/lord/100993,uk.org.publicwhip/person/13930,Q24039,Digby Jones
uk.org.publicwhip/lord/100093,uk.org.publicwhip/person/13430,Q2404469,Terence Burns
uk.org.publicwhip/lord/100636,uk.org.publicwhip/person/12972,Q2404534,Terence Thomas
uk.org.publicwhip/lord/100052,uk.org.publicwhip/person/13241,Q2406249,Tessa Blackstone
uk.org.publicwhip/lord/100334,uk.org.publicwhip/person/12863,Q24082,Charles Jenkin
uk.org.publicwhip/lord/100284,uk.org.publicwhip/person/13495,Q24165,Helene Hayman
uk.org.publicwhip/lord/101146,uk.org.publicwhip/person/13495,Q24165,Helene Hayman
uk.org.publicwhip/lord/101147,uk.org.publicwhip/person/13495,Q24165,Helene Hayman
uk.org.publicwhip/lord/101136,uk.org.publicwhip/person/25146,Q2422094,Thomas Henry Ashton
uk.org.publicwhip/lord/100075,uk.org.publicwhip/person/13639,Q2422688,Thomas Bridges
uk.org.publicwhip/lord/100091,uk.org.publicwhip/person/13343,Q2422791,Tom Burlison
uk.org.publicwhip/lord/100048,uk.org.publicwhip/person/13501,Q2424692,Thomas Bingham
uk.org.publicwhip/lord/100118,uk.org.publicwhip/person/13010,Q2425912,Tom Chandos
uk.org.publicwhip/lord/101017,uk.org.publicwhip/person/10376,Q2426048,Thomas McAvoy / Thomas McLaughlin McAvoy
uk.org.publicwhip/lord/100408,uk.org.publicwhip/person/13129,Q2426067,Tom McNally
uk.org.publicwhip/lord/100493,uk.org.publicwhip/person/10475,Q2426468,Tom Pendry
uk.org.publicwhip/lord/100963,uk.org.publicwhip/person/13939,Q24266,Robin Berry Janvrin
uk.org.publicwhip/lord/100627,uk.org.publicwhip/person/13209,Q2427590,Tom Taylor
uk.org.publicwhip/lord/100735,uk.org.publicwhip/person/13685,Q2427590,Thomas Taylor
uk.org.publicwhip/lord/101141,uk.org.publicwhip/person/25156,Q2433925,Tim Dakin 
uk.org.publicwhip/lord/100534,uk.org.publicwhip/person/13279,Q2434248,Timothy Renton
uk.org.publicwhip/lord/101158,uk.org.publicwhip/person/25176,Q2434330,Timothy Martin Thornton 
uk.org.publicwhip/lord/100040,uk.org.publicwhip/person/13503,Q2435113,Timothy Bell
uk.org.publicwhip/lord/101091,uk.org.publicwhip/person/25032,Q2435579,Tina Wendy Stowell
uk.org.publicwhip/lord/100126,uk.org.publicwhip/person/13256,Q2442481,Tony Christopher
uk.org.publicwhip/lord/100255,uk.org.publicwhip/person/13572,Q2442570,Anthony Greaves
uk.org.publicwhip/lord/100601,uk.org.publicwhip/person/13654,Q247911,Trevor Smith
uk.org.publicwhip/lord/100225,uk.org.publicwhip/person/13308,Q2508787,Valerian Freyberg
uk.org.publicwhip/lord/100304,uk.org.publicwhip/person/13078,Q2508844,Valerie Howarth
uk.org.publicwhip/lord/100373,uk.org.publicwhip/person/13648,Q2517444,Veronica Linklater
uk.org.publicwhip/lord/100005,uk.org.publicwhip/person/13369,Q2522180,Victor Adebowale
uk.org.publicwhip/lord/100011,uk.org.publicwhip/person/13104,Q2539282,Waheed Alli
uk.org.publicwhip/lord/100934,uk.org.publicwhip/person/13878,Q2542530,Wallace Browne
uk.org.publicwhip/lord/101078,uk.org.publicwhip/person/25023,Q254392,Andrew Simon Feldman
uk.org.publicwhip/lord/101131,uk.org.publicwhip/person/25069,Q255795,William Nigel Stock 
uk.org.publicwhip/lord/101118,uk.org.publicwhip/person/10341,Q256225,Oona King / Oona Tamsyn King
uk.org.publicwhip/lord/101050,uk.org.publicwhip/person/24999,Q2571021,Robert Wilfrid Stevenson
uk.org.publicwhip/lord/100057,uk.org.publicwhip/person/13236,Q2578068,William Blease
uk.org.publicwhip/lord/100068,uk.org.publicwhip/person/13028,Q2578108,William Bradshaw
uk.org.publicwhip/lord/100072,uk.org.publicwhip/person/13638,Q2578113,Bill Brett
uk.org.publicwhip/lord/100192,uk.org.publicwhip/person/13232,Q2578649,Robert Elliott
uk.org.publicwhip/lord/100246,uk.org.publicwhip/person/12921,Q2579330,William Goodhart
uk.org.publicwhip/lord/100392,uk.org.publicwhip/person/13562,Q2579916,William McCarthy
uk.org.publicwhip/lord/100802,uk.org.publicwhip/person/13057,Q2579939,William McKenzie
uk.org.publicwhip/lord/100659,uk.org.publicwhip/person/13263,Q2580921,William Wade
uk.org.publicwhip/lord/100800,uk.org.publicwhip/person/13055,Q260272,Julia Neuberger
uk.org.publicwhip/lord/101223,uk.org.publicwhip/person/25248,Q2618302,Stuart Alan Ransom Rose
uk.org.publicwhip/lord/100831,uk.org.publicwhip/person/13174,Q262551,George Henry Cassidy 
uk.org.publicwhip/lord/100901,uk.org.publicwhip/person/13174,Q262551,George Henry Cassidy 
uk.org.publicwhip/lord/100102,uk.org.publicwhip/person/13679,Q2636648,Alan Campbell
uk.org.publicwhip/lord/101191,uk.org.publicwhip/person/25211,Q2636847,Alan Gregory Clayton Smith 
uk.org.publicwhip/lord/100674,uk.org.publicwhip/person/12900,Q2636867,Alan Watson
uk.org.publicwhip/lord/100043,uk.org.publicwhip/person/13506,Q2641831,Alex Bernstein
uk.org.publicwhip/lord/101139,uk.org.publicwhip/person/25177,Q26419,Justin Portal Welby 
uk.org.publicwhip/lord/101159,uk.org.publicwhip/person/25177,Q26419,Justin Portal Welby 
uk.org.publicwhip/lord/101143,uk.org.publicwhip/person/25162,Q2643160,Alexander John Trees
uk.org.publicwhip/lord/100180,uk.org.publicwhip/person/13000,Q2644901,Alf Dubs
uk.org.publicwhip/lord/101232,uk.org.publicwhip/person/25259,Q2647251,Alison Margaret Wolf
uk.org.publicwhip/lord/101087,uk.org.publicwhip/person/25030,Q2647262,Alistair Basil Cooke Lexden
uk.org.publicwhip/lord/100365,uk.org.publicwhip/person/13376,Q266408,Richard Layard
uk.org.publicwhip/lord/101101,uk.org.publicwhip/person/25044,Q267537,Stewart Martin Wood
uk.org.publicwhip/lord/100139,uk.org.publicwhip/person/13556,Q267783,Paul Condon
uk.org.publicwhip/lord/100328,uk.org.publicwhip/person/13348,Q270648,Phyllis James
uk.org.publicwhip/lord/100618,uk.org.publicwhip/person/13630,Q277051,Andrew Stone
uk.org.publicwhip/lord/100603,uk.org.publicwhip/person/13326,Q277054,Peter Smith
uk.org.publicwhip/lord/100138,uk.org.publicwhip/person/13550,Q278146,Anthony Colwyn
uk.org.publicwhip/lord/100548,uk.org.publicwhip/person/13336,Q2790799,Eric Roll
uk.org.publicwhip/lord/100311,uk.org.publicwhip/person/13350,Q279314,Doug Hoyle
uk.org.publicwhip/lord/100933,uk.org.publicwhip/person/13882,Q286484,David Rowe-Beddoe
uk.org.publicwhip/lord/100985,uk.org.publicwhip/person/14144,Q286937,David Charles James 
uk.org.publicwhip/lord/100715,uk.org.publicwhip/person/13260,Q2883936,Barbara Castle
uk.org.publicwhip/lord/101032,uk.org.publicwhip/person/10471,Q296597,Ian Paisley / Ian Richard Kyle Bannside
uk.org.publicwhip/lord/100929,uk.org.publicwhip/person/13877,Q29732,Margaret Jones
uk.org.publicwhip/lord/100764,uk.org.publicwhip/person/13534,Q2982596,Michael Cowdrey
uk.org.publicwhip/lord/100981,uk.org.publicwhip/person/10412,Q310046,Peter Mandelson
uk.org.publicwhip/member/1423,uk.org.publicwhip/person/10574,Q311278,Jack Straw
uk.org.publicwhip/lord/100939,uk.org.publicwhip/person/13884,Q3121,Geoffrey Dear
uk.org.publicwhip/lord/100834,uk.org.publicwhip/person/13171,Q317258,Neil Kinnock
uk.org.publicwhip/lord/100335,uk.org.publicwhip/person/12864,Q323488,Roy Jenkins
uk.org.publicwhip/lord/100589,uk.org.publicwhip/person/13191,Q3247,Allen Sheppard
uk.org.publicwhip/lord/101057,uk.org.publicwhip/person/10290,Q325381,Michael Howard
uk.org.publicwhip/lord/100688,uk.org.publicwhip/person/12953,Q325417,Gareth Williams
uk.org.publicwhip/lord/101157,uk.org.publicwhip/person/25174,Q328102,Matthew White Ridley
uk.org.publicwhip/lord/100585,uk.org.publicwhip/person/13187,Q3285,Michael Shaw
uk.org.publicwhip/lord/100979,uk.org.publicwhip/person/14136,Q328624,Robert Haldane Smith
uk.org.publicwhip/lord/100288,uk.org.publicwhip/person/10276,Q332314,Michael Heseltine
uk.org.publicwhip/lord/100306,uk.org.publicwhip/person/13076,Q332323,Geoffrey Howe
uk.org.publicwhip/lord/101042,uk.org.publicwhip/person/10488,Q332393,John Prescott / John Leslie Prescott
uk.org.publicwhip/lord/100360,uk.org.publicwhip/person/13193,Q332546,Norman Lamont
uk.org.publicwhip/lord/101029,uk.org.publicwhip/person/10303,Q332562,John Hutton / John Matthew Patrick Hutton
uk.org.publicwhip/lord/100997,uk.org.publicwhip/person/10420,Q332576,Michael Martin / Michael John Martin
uk.org.publicwhip/lord/101067,uk.org.publicwhip/person/10071,Q332587,Des Browne / Desmond Henry Browne
uk.org.publicwhip/lord/100292,uk.org.publicwhip/person/13227,Q332595,John Hobhouse
uk.org.publicwhip/lord/100080,uk.org.publicwhip/person/13610,Q332607,Leon Brittan
uk.org.publicwhip/lord/100639,uk.org.publicwhip/person/12969,Q332630,George Thomson
uk.org.publicwhip/lord/101036,uk.org.publicwhip/person/10014,Q332660,NA Armstong / Hilary Armstrong / Hilary Jane Armstrong
uk.org.publicwhip/lord/101030,uk.org.publicwhip/person/10052,Q332667,Paul Boateng / Paul Yaw Boateng
uk.org.publicwhip/lord/100046,uk.org.publicwhip/person/13509,Q332691,John Biffen
uk.org.publicwhip/lord/100862,uk.org.publicwhip/person/10058,Q332696,Virginia Bottomley
uk.org.publicwhip/lord/100844,uk.org.publicwhip/person/10584,Q332843,Ann Taylor
uk.org.publicwhip/lord/100224,uk.org.publicwhip/person/13307,Q332859,Roger Freeman
uk.org.publicwhip/lord/100661,uk.org.publicwhip/person/13115,Q332864,William Waldegrave
uk.org.publicwhip/lord/100853,uk.org.publicwhip/person/10255,Q332870,Archie Hamilton / Archibald Hamilton
uk.org.publicwhip/lord/100339,uk.org.publicwhip/person/12866,Q332875,Michael Jopling
uk.org.publicwhip/lord/100153,uk.org.publicwhip/person/13095,Q332902,Roger Crickhowell
uk.org.publicwhip/lord/100222,uk.org.publicwhip/person/10212,Q332919,Norman Fowler
uk.org.publicwhip/lord/100398,uk.org.publicwhip/person/10386,Q332940,John MacGregor
uk.org.publicwhip/lord/101074,uk.org.publicwhip/person/10010,Q332962,Michael Ancram / Michael Andrew Foster Jude Kerr 
uk.org.publicwhip/lord/101085,uk.org.publicwhip/person/11783,Q332968,Susan Kramer / Susan Veronica Kramer
uk.org.publicwhip/lord/101080,uk.org.publicwhip/person/10134,Q332973,Patrick Cormack / Patrick Thomas Cormack
uk.org.publicwhip/lord/101020,uk.org.publicwhip/person/10413,Q333007,John Maples / John Cradock Maples
uk.org.publicwhip/lord/101039,uk.org.publicwhip/person/10641,Q333020,Phil Willis / George Philip Willis
uk.org.publicwhip/lord/100363,uk.org.publicwhip/person/13382,Q333030,Ian Lang
uk.org.publicwhip/lord/100308,uk.org.publicwhip/person/13074,Q333046,David Howell
uk.org.publicwhip/lord/100542,uk.org.publicwhip/person/10504,Q333056,George Robertson
uk.org.publicwhip/lord/100856,uk.org.publicwhip/person/10536,Q333058,Gillian Shephard
uk.org.publicwhip/lord/100022,uk.org.publicwhip/person/10015,Q333066,Paddy Ashdown
uk.org.publicwhip/lord/100455,uk.org.publicwhip/person/13708,Q333068,Antony Newton
uk.org.publicwhip/lord/100037,uk.org.publicwhip/person/13523,Q333079,Joel Barnett
uk.org.publicwhip/lord/100477,uk.org.publicwhip/person/13162,Q333085,David Owen
uk.org.publicwhip/lord/100705,uk.org.publicwhip/person/13029,Q333145,George Younger
uk.org.publicwhip/lord/100686,uk.org.publicwhip/person/12959,Q333250,Shirley Williams
uk.org.publicwhip/lord/100545,uk.org.publicwhip/person/13327,Q333259,Bill Rodgers
uk.org.publicwhip/lord/100866,uk.org.publicwhip/person/10547,Q333264,Chris Smith
uk.org.publicwhip/lord/100536,uk.org.publicwhip/person/13281,Q333309,Ivor Richard
uk.org.publicwhip/lord/100348,uk.org.publicwhip/person/10342,Q333312,Tom King
uk.org.publicwhip/lord/100847,uk.org.publicwhip/person/10445,Q333326,Estelle Morris
uk.org.publicwhip/lord/100237,uk.org.publicwhip/person/13064,Q333362,Ian Gilmour
uk.org.publicwhip/lord/100032,uk.org.publicwhip/person/13528,Q333390,Kenneth Baker
uk.org.publicwhip/lord/100128,uk.org.publicwhip/person/10108,Q333397,David Clark
uk.org.publicwhip/lord/100863,uk.org.publicwhip/person/10424,Q333410,Brian Mawhinney
uk.org.publicwhip/lord/100512,uk.org.publicwhip/person/13693,Q333412,James Prior
uk.org.publicwhip/lord/100289,uk.org.publicwhip/person/13340,Q333439,Terence Higgins
uk.org.publicwhip/lord/101061,uk.org.publicwhip/person/10501,Q333461,John Reid
uk.org.publicwhip/lord/101040,uk.org.publicwhip/person/10160,Q333474,Quentin Davies / John Quentin Davies
uk.org.publicwhip/lord/100417,uk.org.publicwhip/person/12901,Q333512,Richard Marsh
uk.org.publicwhip/lord/100131,uk.org.publicwhip/person/13518,Q333554,Stanley Clinton-Davis
uk.org.publicwhip/lord/100563,uk.org.publicwhip/person/13624,Q333578,Norman St John
uk.org.publicwhip/lord/100857,uk.org.publicwhip/person/10025,Q333584,Tony Banks / Tony Stratford
uk.org.publicwhip/lord/101108,uk.org.publicwhip/person/10635,Q333600,Dafydd Wigley / Dafydd Wynne Wigley
uk.org.publicwhip/lord/100023,uk.org.publicwhip/person/12882,Q333607,Jack Ashley
uk.org.publicwhip/lord/101127,uk.org.publicwhip/person/14101,Q333630,Nicol Stephen / Nicol Ross Stephen
uk.org.publicwhip/lord/101015,uk.org.publicwhip/person/10249,Q333635,John Gummer / John Selwyn Deben
uk.org.publicwhip/lord/100302,uk.org.publicwhip/person/13080,Q333639,Hugh Hooson
uk.org.publicwhip/lord/100283,uk.org.publicwhip/person/13498,Q333645,Bernard Hayhoe
uk.org.publicwhip/lord/100215,uk.org.publicwhip/person/13465,Q333646,Gerard Fitt
uk.org.publicwhip/lord/100055,uk.org.publicwhip/person/13238,Q333650,Peter Blaker
uk.org.publicwhip/lord/100743,uk.org.publicwhip/person/13089,Q333652,Cledwyn Cledwyn
uk.org.publicwhip/lord/100175,uk.org.publicwhip/person/13664,Q333656,Don Dixon
uk.org.publicwhip/lord/100533,uk.org.publicwhip/person/13278,Q333685,David Renton
uk.org.publicwhip/lord/100208,uk.org.publicwhip/person/10196,Q333689,Ronnie Fearn
uk.org.publicwhip/lord/100282,uk.org.publicwhip/person/13497,Q333692,Roy Hattersley
uk.org.publicwhip/lord/100420,uk.org.publicwhip/person/13551,Q333700,Roy Mason
uk.org.publicwhip/lord/100626,uk.org.publicwhip/person/13208,Q333706,Dick Taverne
uk.org.publicwhip/lord/100855,uk.org.publicwhip/person/10325,Q333721,Nigel Jones
uk.org.publicwhip/lord/100062,uk.org.publicwhip/person/10054,Q333722,Betty Boothroyd
uk.org.publicwhip/lord/100554,uk.org.publicwhip/person/13590,Q333754,David Russell-Johnston
uk.org.publicwhip/lord/100579,uk.org.publicwhip/person/13182,Q333795,James Selkirk
uk.org.publicwhip/lord/100966,uk.org.publicwhip/person/13940,Q333807,James Robert Wallace
uk.org.publicwhip/lord/100190,uk.org.publicwhip/person/13234,Q333841,Dafydd Elis-Thomas
uk.org.publicwhip/lord/100608,uk.org.publicwhip/person/13337,Q333847,David Steel
uk.org.publicwhip/lord/100664,uk.org.publicwhip/person/13110,Q333858,Peter Walker
uk.org.publicwhip/lord/100378,uk.org.publicwhip/person/10365,Q333882,Richard Livsey
uk.org.publicwhip/lord/100110,uk.org.publicwhip/person/13018,Q333896,Robert Carr
uk.org.publicwhip/lord/100386,uk.org.publicwhip/person/13300,Q333905,Richard Luce
uk.org.publicwhip/lord/100316,uk.org.publicwhip/person/13355,Q333909,David Hunt
uk.org.publicwhip/lord/100194,uk.org.publicwhip/person/13230,Q333924,Dafydd Elystan-Morgan
uk.org.publicwhip/lord/100443,uk.org.publicwhip/person/10446,Q333932,John Morris
uk.org.publicwhip/lord/100345,uk.org.publicwhip/person/10589,Q333991,John Taylor / John Kilclooney
uk.org.publicwhip/lord/100198,uk.org.publicwhip/person/13242,Q334048,John Evans
uk.org.publicwhip/lord/100457,uk.org.publicwhip/person/13706,Q334097,Emma Nicholson
uk.org.publicwhip/lord/101046,uk.org.publicwhip/person/10360,Q334128,Helen Liddell / Helen Lawrie Liddell
uk.org.publicwhip/lord/100423,uk.org.publicwhip/person/13626,Q334163,Patrick Mayhew
uk.org.publicwhip/lord/101044,uk.org.publicwhip/person/10642,Q334209,Michael Wills / Michael David Wills
uk.org.publicwhip/lord/100930,uk.org.publicwhip/person/10059,Q334213,Keith Bradley
uk.org.publicwhip/lord/100082,uk.org.publicwhip/person/10067,Q334257,NA Brooks / Peter Brooke
uk.org.publicwhip/lord/100871,uk.org.publicwhip/person/10234,Q334258,Alastair Goodlad
uk.org.publicwhip/lord/101027,uk.org.publicwhip/person/10600,Q334278,Don Touhig / James Donnelly Touhig
uk.org.publicwhip/lord/100660,uk.org.publicwhip/person/13114,Q334298,John Wakeham
uk.org.publicwhip/lord/100654,uk.org.publicwhip/person/13268,Q334327,Eric Varley
uk.org.publicwhip/lord/101034,uk.org.publicwhip/person/10384,Q334333,John McFall / John Francis McFall
uk.org.publicwhip/lord/100851,uk.org.publicwhip/person/10599,Q334348,Jenny Tonge
uk.org.publicwhip/lord/100219,uk.org.publicwhip/person/13473,Q334357,Michael Forsyth
uk.org.publicwhip/lord/101018,uk.org.publicwhip/person/11027,Q334359,Jim Knight / James Philip Knight
uk.org.publicwhip/lord/101060,uk.org.publicwhip/person/10590,Q334363,Matthew Taylor / Matthew Owen John Taylor
uk.org.publicwhip/lord/100869,uk.org.publicwhip/person/10011,Q334411,Donald Anderson
uk.org.publicwhip/lord/100870,uk.org.publicwhip/person/10135,Q334443,Jean Corston
uk.org.publicwhip/lord/101065,uk.org.publicwhip/person/10007,Q334455,Richard Allan / Richard Beecroft Allan
uk.org.publicwhip/lord/101053,uk.org.publicwhip/person/10056,Q334491,Tim Boswell / Timothy Eric Boswell
uk.org.publicwhip/lord/100867,uk.org.publicwhip/person/10003,Q334498,Irene Adams
uk.org.publicwhip/lord/100907,uk.org.publicwhip/person/10136,Q334520,Brian Cotter
uk.org.publicwhip/lord/100658,uk.org.publicwhip/person/13264,Q334565,David Waddington
uk.org.publicwhip/lord/100165,uk.org.publicwhip/person/13394,Q334578,Paul Dean
uk.org.publicwhip/lord/100541,uk.org.publicwhip/person/13331,Q334627,Wyn Roberts
uk.org.publicwhip/lord/100858,uk.org.publicwhip/person/10374,Q334638,Nicholas Lyell
uk.org.publicwhip/lord/101100,uk.org.publicwhip/person/10370,Q334642,Michael Lord / Michael Nicholson Lord Framlingham
uk.org.publicwhip/lord/101043,uk.org.publicwhip/person/10560,Q334646,Michael Spicer / William Michael Hardy Spicer
uk.org.publicwhip/lord/100111,uk.org.publicwhip/person/13019,Q335038,Peter Carrington
uk.org.publicwhip/lord/100364,uk.org.publicwhip/person/22053,Q335078,Nigel Lawson
uk.org.publicwhip/lord/100184,uk.org.publicwhip/person/12996,Q335125,Tom Wright 
uk.org.publicwhip/lord/100637,uk.org.publicwhip/person/12971,Q335150,Hugh Thomas
uk.org.publicwhip/lord/100531,uk.org.publicwhip/person/12970,Q335189,Colin Renfrew
uk.org.publicwhip/lord/100876,uk.org.publicwhip/person/13323,Q335213,Martin Rees
uk.org.publicwhip/lord/100598,uk.org.publicwhip/person/13463,Q335331,Robert Skidelsky
uk.org.publicwhip/lord/100026,uk.org.publicwhip/person/12877,Q335356,John Astor
uk.org.publicwhip/lord/100211,uk.org.publicwhip/person/13469,Q335389,Robert Ferrers
uk.org.publicwhip/lord/100066,uk.org.publicwhip/person/12983,Q335407,Michael Boyce
uk.org.publicwhip/lord/100168,uk.org.publicwhip/person/13391,Q335420,William Deedes
uk.org.publicwhip/lord/100970,uk.org.publicwhip/person/14125,Q335441,Nicholas Herbert Stern
uk.org.publicwhip/lord/101134,uk.org.publicwhip/person/25144,Q335447,John Peter Michael Scawen 
uk.org.publicwhip/lord/100711,uk.org.publicwhip/person/13669,Q335458,George Carey / George Carey 
uk.org.publicwhip/lord/100106,uk.org.publicwhip/person/13669,Q335458,George Carey / George Carey 
uk.org.publicwhip/lord/100514,uk.org.publicwhip/person/13699,Q335507,David Puttnam
uk.org.publicwhip/lord/100266,uk.org.publicwhip/person/13420,Q335517,Charles Guthrie
uk.org.publicwhip/lord/100021,uk.org.publicwhip/person/12884,Q335530,Michael Ashcroft
uk.org.publicwhip/lord/100655,uk.org.publicwhip/person/13267,Q335538,Richard Vincent
uk.org.publicwhip/lord/100087,uk.org.publicwhip/person/13609,Q335556,John Browne
uk.org.publicwhip/lord/100621,uk.org.publicwhip/person/13203,Q335576,Tom Strathclyde
uk.org.publicwhip/lord/100049,uk.org.publicwhip/person/13502,Q335586,John Birt
uk.org.publicwhip/lord/100817,uk.org.publicwhip/person/12839,Q335601,David Triesman
uk.org.publicwhip/lord/101144,uk.org.publicwhip/person/25163,Q335605,Beeban Tania Kidron
uk.org.publicwhip/lord/100070,uk.org.publicwhip/person/13636,Q335631,Edwin Bramall
uk.org.publicwhip/lord/100986,uk.org.publicwhip/person/14145,Q335681,Evan Mervyn Davies
uk.org.publicwhip/lord/100013,uk.org.publicwhip/person/13102,Q335698,Valerie Amos
uk.org.publicwhip/lord/100784,uk.org.publicwhip/person/13201,Q335720,Greville Howard
uk.org.publicwhip/lord/100267,uk.org.publicwhip/person/13421,Q335740,John Habgood
uk.org.publicwhip/lord/100434,uk.org.publicwhip/person/13288,Q335747,Hector Monro
uk.org.publicwhip/lord/100827,uk.org.publicwhip/person/13444,Q335759,Frances D'Souza
uk.org.publicwhip/lord/101148,uk.org.publicwhip/person/13444,Q335759,Frances D'Souza
uk.org.publicwhip/lord/100695,uk.org.publicwhip/person/13620,Q335760,Robert Winston
uk.org.publicwhip/lord/100941,uk.org.publicwhip/person/13886,Q335785,Michael Jay
uk.org.publicwhip/lord/100826,uk.org.publicwhip/person/13443,Q335803,John Kerr
uk.org.publicwhip/lord/100936,uk.org.publicwhip/person/13879,Q335830,Ann Butler-Sloss
uk.org.publicwhip/lord/100483,uk.org.publicwhip/person/12947,Q335835,Bhikhu Parekh
uk.org.publicwhip/lord/100149,uk.org.publicwhip/person/13599,Q335844,Janric Craigavon
uk.org.publicwhip/lord/100172,uk.org.publicwhip/person/13661,Q335848,Meghnad Desai
uk.org.publicwhip/lord/101064,uk.org.publicwhip/person/25005,Q335858,Ian Warwick Blair
uk.org.publicwhip/lord/100241,uk.org.publicwhip/person/12920,Q335873,Robin Glentoran
uk.org.publicwhip/lord/101073,uk.org.publicwhip/person/25017,Q335910,Stephen Keith Green
uk.org.publicwhip/lord/100086,uk.org.publicwhip/person/13608,Q335911,Michael Brougham and Vaux
uk.org.publicwhip/lord/100323,uk.org.publicwhip/person/13487,Q335917,Peter Inge
uk.org.publicwhip/lord/100525,uk.org.publicwhip/person/13033,Q335919,Nicolas Rea
uk.org.publicwhip/lord/100039,uk.org.publicwhip/person/13511,Q335923,Timothy Beaumont
uk.org.publicwhip/lord/100738,uk.org.publicwhip/person/13680,Q335926,Janet Young
uk.org.publicwhip/lord/101011,uk.org.publicwhip/person/24970,Q335934,Nathanael Ming-Yan Wei
uk.org.publicwhip/lord/100500,uk.org.publicwhip/person/12943,Q335951,Nicholas Phillips
uk.org.publicwhip/lord/100629,uk.org.publicwhip/person/13195,Q336011,Norman Tebbit
uk.org.publicwhip/lord/101095,uk.org.publicwhip/person/25038,Q336018,Julian Alexander Fellowes
uk.org.publicwhip/lord/101102,uk.org.publicwhip/person/25042,Q336064,Reginal Norman Morgan Empey
uk.org.publicwhip/lord/100960,uk.org.publicwhip/person/13932,Q336080,Ara Warkes Darzi
uk.org.publicwhip/lord/100472,uk.org.publicwhip/person/13167,Q336089,Onora O'Neill
uk.org.publicwhip/lord/100864,uk.org.publicwhip/person/10110,Q336111,Lynda Clark
uk.org.publicwhip/lord/100788,uk.org.publicwhip/person/12845,Q336112,Peter Truscott
uk.org.publicwhip/lord/100337,uk.org.publicwhip/person/12862,Q336118,Joel Joffe
uk.org.publicwhip/lord/100301,uk.org.publicwhip/person/13081,Q336121,Gloria Hooper
uk.org.publicwhip/lord/100850,uk.org.publicwhip/person/10101,Q336133,David Chidgey
uk.org.publicwhip/lord/100804,uk.org.publicwhip/person/13051,Q336134,Hugh Dykes
uk.org.publicwhip/lord/100521,uk.org.publicwhip/person/13037,Q336149,Patricia Rawlings
uk.org.publicwhip/lord/100331,uk.org.publicwhip/person/12860,Q336162,Margaret Jay
uk.org.publicwhip/lord/100257,uk.org.publicwhip/person/13574,Q336163,Susan Greenfield
uk.org.publicwhip/lord/100703,uk.org.publicwhip/person/13023,Q336171,David Young
uk.org.publicwhip/lord/100042,uk.org.publicwhip/person/13505,Q336179,Tony Berkeley
uk.org.publicwhip/lord/100689,uk.org.publicwhip/person/13617,Q336194,David Williamson
uk.org.publicwhip/lord/100649,uk.org.publicwhip/person/13536,Q336205,Christopher Tugendhat
uk.org.publicwhip/lord/100955,uk.org.publicwhip/person/13929,Q336213,Mark Malloch-Brown
uk.org.publicwhip/lord/100873,uk.org.publicwhip/person/10146,Q336214,Jack Cunningham
uk.org.publicwhip/lord/100193,uk.org.publicwhip/person/13233,Q336219,Rodney Elton
uk.org.publicwhip/lord/100553,uk.org.publicwhip/person/13593,Q336220,Conrad Russell
uk.org.publicwhip/lord/101000,uk.org.publicwhip/person/24696,Q336223,Alastair Aberdare
uk.org.publicwhip/lord/100205,uk.org.publicwhip/person/12849,Q336232,Lucius Falkland
uk.org.publicwhip/lord/100828,uk.org.publicwhip/person/13452,Q336236,Janet Royall
uk.org.publicwhip/lord/100436,uk.org.publicwhip/person/13290,Q336243,Edward Montagu
uk.org.publicwhip/lord/100003,uk.org.publicwhip/person/13375,Q336249,Richard Acton
uk.org.publicwhip/lord/100492,uk.org.publicwhip/person/13601,Q336255,William Peel
uk.org.publicwhip/lord/100210,uk.org.publicwhip/person/13470,Q336261,Robert Fellowes
uk.org.publicwhip/lord/101112,uk.org.publicwhip/person/25047,Q336274,Rachael Heyhoe Flint
uk.org.publicwhip/lord/100147,uk.org.publicwhip/person/13559,Q336283,Caroline Cox
uk.org.publicwhip/lord/100959,uk.org.publicwhip/person/13559,Q336283,Caroline Cox
uk.org.publicwhip/lord/100666,uk.org.publicwhip/person/13112,Q336362,William Wallace
uk.org.publicwhip/lord/101107,uk.org.publicwhip/person/25050,Q336366,Francis Richard Dannatt
uk.org.publicwhip/lord/100914,uk.org.publicwhip/person/13727,Q336385,William Morris
uk.org.publicwhip/lord/100007,uk.org.publicwhip/person/13371,Q336390,John Alderdice
uk.org.publicwhip/lord/100422,uk.org.publicwhip/person/13549,Q336397,Robert May
uk.org.publicwhip/lord/100506,uk.org.publicwhip/person/13429,Q336398,Charles Plumb
uk.org.publicwhip/lord/100526,uk.org.publicwhip/person/13032,Q336403,Hugh Reay
uk.org.publicwhip/lord/100047,uk.org.publicwhip/person/13510,Q336408,Angela Billingham
uk.org.publicwhip/lord/100006,uk.org.publicwhip/person/13370,Q336420,Nazir Ahmed
uk.org.publicwhip/lord/100387,uk.org.publicwhip/person/13299,Q336425,Sarah Ludford
uk.org.publicwhip/lord/100920,uk.org.publicwhip/person/13732,Q336427,Robin Teverson
uk.org.publicwhip/lord/100324,uk.org.publicwhip/person/13490,Q336430,Richard Inglewood
uk.org.publicwhip/lord/100050,uk.org.publicwhip/person/13711,Q336444,Conrad Black
uk.org.publicwhip/lord/100998,uk.org.publicwhip/person/24694,Q336451,Nuala Patricia O'Loan
uk.org.publicwhip/lord/100961,uk.org.publicwhip/person/13937,Q336455,Sayeeda Hussain Warsi
uk.org.publicwhip/lord/100808,uk.org.publicwhip/person/13048,Q336460,Lola Young
uk.org.publicwhip/lord/100384,uk.org.publicwhip/person/13302,Q336470,Richard Chartres  / Richard John Carew Chartres
uk.org.publicwhip/lord/100352,uk.org.publicwhip/person/13218,Q336472,Christopher Kingsland
uk.org.publicwhip/lord/100401,uk.org.publicwhip/person/13122,Q336480,James Mackay
uk.org.publicwhip/lord/100484,uk.org.publicwhip/person/12948,Q336490,Daphne Park
uk.org.publicwhip/lord/100783,uk.org.publicwhip/person/13545,Q336492,Ruth Henig
uk.org.publicwhip/lord/100213,uk.org.publicwhip/person/13471,Q336501,Ilora Finlay
uk.org.publicwhip/lord/100952,uk.org.publicwhip/person/13924,Q336513,John Krebs
uk.org.publicwhip/lord/100528,uk.org.publicwhip/person/13292,Q336515,Peter Rees
uk.org.publicwhip/lord/100996,uk.org.publicwhip/person/24692,Q336520,Alan Michael Sugar
uk.org.publicwhip/lord/101114,uk.org.publicwhip/person/25063,Q336521,Mair Eluned Morgan
uk.org.publicwhip/lord/101024,uk.org.publicwhip/person/24984,Q336526,Michael James German
uk.org.publicwhip/lord/100424,uk.org.publicwhip/person/13555,Q336534,Merlyn Merlyn-Rees
uk.org.publicwhip/lord/100994,uk.org.publicwhip/person/24690,Q336537,Glenys Elizabeth Kinnock
uk.org.publicwhip/lord/101007,uk.org.publicwhip/person/24707,Q336543,Carys Davina Grey-Thompson
uk.org.publicwhip/lord/100900,uk.org.publicwhip/person/13714,Q336564,John Tucker Mugabi Sentamu  / John Sentamu
uk.org.publicwhip/lord/100277,uk.org.publicwhip/person/13133,Q336592,Philip Harris
uk.org.publicwhip/lord/100134,uk.org.publicwhip/person/13513,Q336598,Francis Cockfield
uk.org.publicwhip/lord/100566,uk.org.publicwhip/person/12942,Q336617,Flora Saltoun
uk.org.publicwhip/lord/100739,uk.org.publicwhip/person/13681,Q336683,Michael Young
uk.org.publicwhip/lord/100186,uk.org.publicwhip/person/12998,Q336709,John Eatwell
uk.org.publicwhip/lord/100641,uk.org.publicwhip/person/13544,Q336714,Francis Tombs
uk.org.publicwhip/lord/101083,uk.org.publicwhip/person/25029,Q336760,Fiona Sara Shackleton
uk.org.publicwhip/lord/100999,uk.org.publicwhip/person/24695,Q336766,Jonathan Henry Sacks
uk.org.publicwhip/lord/100557,uk.org.publicwhip/person/13589,Q336777,Maurice Saatchi
uk.org.publicwhip/lord/100628,uk.org.publicwhip/person/13194,Q336790,John Taylor
uk.org.publicwhip/lord/101153,uk.org.publicwhip/person/13194,Q336790,John Taylor
uk.org.publicwhip/lord/100109,uk.org.publicwhip/person/13670,Q336791,Elizabeth Carnegy
uk.org.publicwhip/lord/100226,uk.org.publicwhip/person/13309,Q336799,Len Fyfe
uk.org.publicwhip/lord/100185,uk.org.publicwhip/person/12995,Q336825,Robert Eames
uk.org.publicwhip/lord/100115,uk.org.publicwhip/person/13015,Q336837,Alun Chalfont
uk.org.publicwhip/lord/100543,uk.org.publicwhip/person/13333,Q336850,Michael James Nazir-Ali 
uk.org.publicwhip/lord/100509,uk.org.publicwhip/person/12913,Q336858,Kenneth Stevenson 
uk.org.publicwhip/lord/100076,uk.org.publicwhip/person/13642,Q336863,Asa Briggs
uk.org.publicwhip/lord/100909,uk.org.publicwhip/person/13721,Q336866,John Burnett
uk.org.publicwhip/lord/100069,uk.org.publicwhip/person/13034,Q336881,Melvyn Bragg
uk.org.publicwhip/lord/100540,uk.org.publicwhip/person/13332,Q336883,Brian Rix
uk.org.publicwhip/lord/100182,uk.org.publicwhip/person/13002,Q336896,Lydia Dunn
uk.org.publicwhip/lord/100444,uk.org.publicwhip/person/13039,Q336911,Alf Morris
uk.org.publicwhip/lord/100121,uk.org.publicwhip/person/13253,Q336912,Peter Robert Forster 
uk.org.publicwhip/lord/100671,uk.org.publicwhip/person/12895,Q336921,Helen Warnock
uk.org.publicwhip/lord/100270,uk.org.publicwhip/person/13140,Q336960,David Hannay
uk.org.publicwhip/lord/100779,uk.org.publicwhip/person/13294,Q337020,Paul Drayson
uk.org.publicwhip/lord/100358,uk.org.publicwhip/person/13667,Q337030,John Laird
uk.org.publicwhip/lord/100517,uk.org.publicwhip/person/13698,Q337043,Randolph Quirk
uk.org.publicwhip/lord/100694,uk.org.publicwhip/person/13621,Q337047,David Windlesham
uk.org.publicwhip/lord/100482,uk.org.publicwhip/person/12946,Q337054,Peter Palumbo
uk.org.publicwhip/lord/100490,uk.org.publicwhip/person/13603,Q337063,Swraj Paul
uk.org.publicwhip/lord/100714,uk.org.publicwhip/person/13259,Q337070,Richard Carver
uk.org.publicwhip/lord/100442,uk.org.publicwhip/person/13045,Q337075,Sally Morgan
uk.org.publicwhip/lord/100350,uk.org.publicwhip/person/13631,Q337081,Tarsem King
uk.org.publicwhip/lord/100984,uk.org.publicwhip/person/14143,Q337098,David Phillip Pannick
uk.org.publicwhip/lord/100029,uk.org.publicwhip/person/12876,Q337106,Eric Avebury
uk.org.publicwhip/lord/100203,uk.org.publicwhip/person/12851,Q337117,Charlie Falconer
uk.org.publicwhip/lord/100325,uk.org.publicwhip/person/13489,Q337121,Derry Irvine
uk.org.publicwhip/lord/100083,uk.org.publicwhip/person/13613,Q337142,Alan Brookeborough
uk.org.publicwhip/lord/100344,uk.org.publicwhip/person/12994,Q337151,Helena Kennedy
uk.org.publicwhip/lord/100839,uk.org.publicwhip/person/13178,Q337156,Andrew Adonis
uk.org.publicwhip/lord/100355,uk.org.publicwhip/person/13213,Q337162,Joan Knight
uk.org.publicwhip/lord/100191,uk.org.publicwhip/person/13696,Q337169,Diana Elles
uk.org.publicwhip/lord/100317,uk.org.publicwhip/person/13356,Q337375,Douglas Hurd
uk.org.publicwhip/lord/100276,uk.org.publicwhip/person/13134,Q3418261,Ralph Harris
uk.org.publicwhip/lord/100875,uk.org.publicwhip/person/13320,Q346975,Adair Turner
uk.org.publicwhip/lord/100488,uk.org.publicwhip/person/12937,Q350603,Adam Patel
uk.org.publicwhip/lord/100921,uk.org.publicwhip/person/13734,Q3647,Mohamed Sheikh
uk.org.publicwhip/lord/100481,uk.org.publicwhip/person/12945,Q373796,Adrian Palmer
uk.org.publicwhip/lord/100088,uk.org.publicwhip/person/13604,Q374470,Nicholas Browne-Wilkinson
uk.org.publicwhip/lord/100677,uk.org.publicwhip/person/12897,Q374490,Bill Wedderburn
uk.org.publicwhip/lord/100942,uk.org.publicwhip/person/12897,Q374490,Bill Wedderburn
uk.org.publicwhip/lord/100681,uk.org.publicwhip/person/12958,Q377139,Larry Whitty
uk.org.publicwhip/lord/100790,uk.org.publicwhip/person/13481,Q378126,Richard Rosser
uk.org.publicwhip/lord/101189,uk.org.publicwhip/person/25209,Q3915820,Richard Andrew Balfe
uk.org.publicwhip/lord/101155,uk.org.publicwhip/person/25173,Q4014567,John Alfred Stoddard Nash
uk.org.publicwhip/lord/101072,uk.org.publicwhip/person/25016,Q404117,Sheila Clare Hollins
uk.org.publicwhip/lord/100418,uk.org.publicwhip/person/12910,Q404455,Colin Marshall
uk.org.publicwhip/lord/101006,uk.org.publicwhip/person/24704,Q412629,Ajay Kumar Kakkar
uk.org.publicwhip/lord/101104,uk.org.publicwhip/person/25051,Q427001,Stanley Fink
uk.org.publicwhip/lord/100366,uk.org.publicwhip/person/13379,Q431792,David Lea
uk.org.publicwhip/lord/100813,uk.org.publicwhip/person/12835,Q432430,Irvine Laidlaw
uk.org.publicwhip/lord/100594,uk.org.publicwhip/person/13461,Q4360966,Jocelyn Simon
uk.org.publicwhip/lord/100330,uk.org.publicwhip/person/12859,Q4454578,Charles Jauncey
uk.org.publicwhip/lord/100461,uk.org.publicwhip/person/13440,Q4454604,Michael Nolan
uk.org.publicwhip/lord/100259,uk.org.publicwhip/person/13560,Q459236,Ambrose Greenway
uk.org.publicwhip/lord/100051,uk.org.publicwhip/person/13707,Q4706365,Alan Chesters 
uk.org.publicwhip/lord/100141,uk.org.publicwhip/person/12869,Q4714103,Victor Cooke
uk.org.publicwhip/lord/100045,uk.org.publicwhip/person/13508,Q471977,Amirali Bhatia
uk.org.publicwhip/lord/101229,uk.org.publicwhip/person/25254,Q4757166,Andrew Fleming Green
uk.org.publicwhip/lord/101196,uk.org.publicwhip/person/25216,Q4772053,Anthony Paul Bamford
uk.org.publicwhip/lord/100615,uk.org.publicwhip/person/13388,Q4773528,Anthony Stodart
uk.org.publicwhip/lord/100737,uk.org.publicwhip/person/13683,Q4795302,Arnold Weinstock
uk.org.publicwhip/lord/101227,uk.org.publicwhip/person/25252,Q4859019,Barbara Lilian Janke
uk.org.publicwhip/lord/100079,uk.org.publicwhip/person/13643,Q4864685,Barry Rogerson 
uk.org.publicwhip/lord/100682,uk.org.publicwhip/person/12955,Q4867275,Basil Wigoder
uk.org.publicwhip/lord/100733,uk.org.publicwhip/person/13687,Q4877193,Bea Serota
uk.org.publicwhip/lord/100105,uk.org.publicwhip/person/13672,Q49615,Rowan Douglas Williams / Rowan Williams 
uk.org.publicwhip/lord/101156,uk.org.publicwhip/person/13672,Q49615,Rowan Douglas Williams / Rowan Williams 
uk.org.publicwhip/lord/100773,uk.org.publicwhip/person/13250,Q4964673,Robert McConnell
uk.org.publicwhip/lord/100751,uk.org.publicwhip/person/13360,Q4964811,Brian Morris
uk.org.publicwhip/lord/101185,uk.org.publicwhip/person/25204,Q4964977,Brian Leonard Paddick
uk.org.publicwhip/lord/100778,uk.org.publicwhip/person/13293,Q501790,Timothy Garden
uk.org.publicwhip/lord/100273,uk.org.publicwhip/person/13137,Q505043,Andrew Hardie
uk.org.publicwhip/lord/100953,uk.org.publicwhip/person/13925,Q506192,Andrew Mawson
uk.org.publicwhip/lord/100399,uk.org.publicwhip/person/12892,Q506257,Andrew McIntosh
uk.org.publicwhip/lord/100499,uk.org.publicwhip/person/13594,Q506708,Andrew Phillips
uk.org.publicwhip/lord/101195,uk.org.publicwhip/person/25215,Q5075079,Charles Lamb Allen
uk.org.publicwhip/lord/100720,uk.org.publicwhip/person/13411,Q5078718,Charles Hambro
uk.org.publicwhip/lord/100620,uk.org.publicwhip/person/13202,Q5092338,Jean Strange
uk.org.publicwhip/lord/101188,uk.org.publicwhip/person/25208,Q5106906,Christopher Holmes
uk.org.publicwhip/lord/101183,uk.org.publicwhip/person/25202,Q5111059,Christine Mary Humphreys
uk.org.publicwhip/lord/101231,uk.org.publicwhip/person/25258,Q5112092,Christopher Thomas James Chessun 
uk.org.publicwhip/lord/100560,uk.org.publicwhip/person/12940,Q5112531,Christopher William Herbert 
uk.org.publicwhip/lord/100412,uk.org.publicwhip/person/12906,Q5112837,Christopher Mayfield 
uk.org.publicwhip/lord/100146,uk.org.publicwhip/person/13585,Q5144881,Colin James Bennetts 
uk.org.publicwhip/lord/100990,uk.org.publicwhip/person/24687,Q520881,Stephen George Platten 
uk.org.publicwhip/lord/101182,uk.org.publicwhip/person/25201,Q5217138,Daniel William Finkelstein
uk.org.publicwhip/lord/100242,uk.org.publicwhip/person/12917,Q5231324,David Bentley 
uk.org.publicwhip/lord/100709,uk.org.publicwhip/person/13020,Q5239891,David James Smith 
uk.org.publicwhip/lord/100112,uk.org.publicwhip/person/13016,Q5257146,Denis Carter
uk.org.publicwhip/lord/100679,uk.org.publicwhip/person/12887,Q5262246,John Whaddon
uk.org.publicwhip/lord/101214,uk.org.publicwhip/person/25239,Q5274223,Diana Mary Harding
uk.org.publicwhip/lord/100388,uk.org.publicwhip/person/13159,Q528985,Arthur Luke
uk.org.publicwhip/lord/101199,uk.org.publicwhip/person/25221,Q5293964,Donald Spargo Allister 
uk.org.publicwhip/lord/100089,uk.org.publicwhip/person/13605,Q5294081,Donald Bruce
uk.org.publicwhip/lord/101172,uk.org.publicwhip/person/25193,Q5297667,Doreen Delceita Lawrence
uk.org.publicwhip/lord/101048,uk.org.publicwhip/person/10072,Q532347,Angela Browning / Angela Frances Browning
uk.org.publicwhip/lord/100278,uk.org.publicwhip/person/13148,Q532732,Angela Harris
uk.org.publicwhip/lord/100056,uk.org.publicwhip/person/13237,Q5372071,Emily Blatch
uk.org.publicwhip/lord/100161,uk.org.publicwhip/person/13398,Q537661,Davina Darcy de Knayth
uk.org.publicwhip/lord/100878,uk.org.publicwhip/person/13315,Q542793,Jo Valentine
uk.org.publicwhip/lord/101197,uk.org.publicwhip/person/13998,Q544742,Annabel Goldie / Annabel MacNicoll Goldie
uk.org.publicwhip/lord/100227,uk.org.publicwhip/person/13310,Q549702,Anita Gale
uk.org.publicwhip/lord/101209,uk.org.publicwhip/person/25234,Q5517148,Gail Rebuck
uk.org.publicwhip/lord/100480,uk.org.publicwhip/person/12944,Q5542071,George Oxfuird
uk.org.publicwhip/lord/100103,uk.org.publicwhip/person/13678,Q5584953,Gordon Campbell
uk.org.publicwhip/lord/100411,uk.org.publicwhip/person/12907,Q558513,Ann Mallalieu
uk.org.publicwhip/lord/101059,uk.org.publicwhip/person/25004,Q560803,Anna Mary Healy
uk.org.publicwhip/lord/100235,uk.org.publicwhip/person/13066,Q565337,Anne Gibson
uk.org.publicwhip/lord/101117,uk.org.publicwhip/person/25064,Q565454,Anne Caroline Jenkin
uk.org.publicwhip/lord/100251,uk.org.publicwhip/person/13568,Q573298,Tony Grabiner
uk.org.publicwhip/lord/100327,uk.org.publicwhip/person/13339,Q573412,Anthony Jacobs
uk.org.publicwhip/lord/100379,uk.org.publicwhip/person/13296,Q573536,Anthony Lloyd
uk.org.publicwhip/lord/101003,uk.org.publicwhip/person/24698,Q573819,Anthony Martin Priddis 
uk.org.publicwhip/lord/100516,uk.org.publicwhip/person/13697,Q573844,Anthony Quinton
uk.org.publicwhip/lord/100968,uk.org.publicwhip/person/13942,Q573941,Anthony Russell 
uk.org.publicwhip/lord/100562,uk.org.publicwhip/person/13625,Q574015,Anthony St John
uk.org.publicwhip/lord/100275,uk.org.publicwhip/person/13135,Q576669,Toby Harris
uk.org.publicwhip/lord/101069,uk.org.publicwhip/person/25014,Q577051,John Stephen Monks
uk.org.publicwhip/lord/100464,uk.org.publicwhip/person/13435,Q577106,Francis Northbrook
uk.org.publicwhip/lord/100469,uk.org.publicwhip/person/13442,Q577128,Matthew Oakeshott
uk.org.publicwhip/lord/100567,uk.org.publicwhip/person/12941,Q577284,Michael Sandberg
uk.org.publicwhip/lord/100590,uk.org.publicwhip/person/13457,Q577347,David Sheppard
uk.org.publicwhip/lord/101022,uk.org.publicwhip/person/24987,Q58237,Floella Karen Yunie Benjamin
uk.org.publicwhip/lord/101230,uk.org.publicwhip/person/25257,Q587759,Jonathan Douglas Evans
uk.org.publicwhip/lord/100336,uk.org.publicwhip/person/12861,Q5931275,Hugh Jenkins
uk.org.publicwhip/lord/101162,uk.org.publicwhip/person/25184,Q5982061,Ian Paul Livingston
uk.org.publicwhip/lord/101169,uk.org.publicwhip/person/19579,Q5983327,Ian Wrigglesworth / Ian William Wrigglesworth
uk.org.publicwhip/lord/100805,uk.org.publicwhip/person/13052,Q608491,Alan Haworth
uk.org.publicwhip/lord/100179,uk.org.publicwhip/person/13652,Q6112148,Jack Dormand
uk.org.publicwhip/lord/100587,uk.org.publicwhip/person/13189,Q6114323,John Nicholls 
uk.org.publicwhip/lord/100975,uk.org.publicwhip/person/14133,Q613460,Elizabeth Lydia Manningham-Buller
uk.org.publicwhip/lord/101203,uk.org.publicwhip/person/25225,Q6137763,James Henry Langstaff 
uk.org.publicwhip/lord/100468,uk.org.publicwhip/person/13441,Q615765,Philip Norton
uk.org.publicwhip/lord/101194,uk.org.publicwhip/person/25214,Q6179340,Jennifer Helen Jones
uk.org.publicwhip/lord/100706,uk.org.publicwhip/person/13118,Q6198485,Jim Thompson 
uk.org.publicwhip/lord/101211,uk.org.publicwhip/person/25236,Q6205963,Joanna Shields
uk.org.publicwhip/lord/100746,uk.org.publicwhip/person/13086,Q6237911,John Harris
uk.org.publicwhip/lord/101165,uk.org.publicwhip/person/25187,Q6239851,John Rhodes Horam
uk.org.publicwhip/lord/100749,uk.org.publicwhip/person/13083,Q6246107,John MacKay
uk.org.publicwhip/lord/100287,uk.org.publicwhip/person/13494,Q6251229,John Keith Oliver 
uk.org.publicwhip/lord/100120,uk.org.publicwhip/person/13254,Q6252595,John Freeman Perry 
uk.org.publicwhip/lord/101167,uk.org.publicwhip/person/25189,Q6273883,Jonathan Neil Mendelsohn
uk.org.publicwhip/lord/100843,uk.org.publicwhip/person/10345,Q636368,Archy Kirkwood
uk.org.publicwhip/lord/101224,uk.org.publicwhip/person/25249,Q6373360,Karren Rita Brady
uk.org.publicwhip/lord/100371,uk.org.publicwhip/person/13650,Q6385089,Keith Norman Sutton 
uk.org.publicwhip/lord/100508,uk.org.publicwhip/person/12916,Q64325,Fred Ponsonby
uk.org.publicwhip/lord/100799,uk.org.publicwhip/person/10425,Q64330,John Maxton
uk.org.publicwhip/lord/100427,uk.org.publicwhip/person/13554,Q64460,Susan Miller
uk.org.publicwhip/lord/101025,uk.org.publicwhip/person/24983,Q647480,Meral Hussein-Ece
uk.org.publicwhip/lord/100685,uk.org.publicwhip/person/12962,Q650596,Rosalie Wilkins
uk.org.publicwhip/lord/101160,uk.org.publicwhip/person/25178,Q6509367,Martha Lane-Fox
uk.org.publicwhip/lord/100117,uk.org.publicwhip/person/13013,Q654846,Michael Chan
uk.org.publicwhip/lord/100814,uk.org.publicwhip/person/12842,Q655406,Robert Douglas Carswell
uk.org.publicwhip/lord/100269,uk.org.publicwhip/person/13423,Q660250,Joan Hanham
uk.org.publicwhip/lord/101221,uk.org.publicwhip/person/25246,Q662660,Michael Maurice Cashman
uk.org.publicwhip/lord/100108,uk.org.publicwhip/person/13671,Q6767006,Mark Carlisle
uk.org.publicwhip/lord/100708,uk.org.publicwhip/person/13021,Q6769585,Mark Santer 
uk.org.publicwhip/lord/100318,uk.org.publicwhip/person/13341,Q6772050,Marmaduke Hussey
uk.org.publicwhip/lord/101175,uk.org.publicwhip/person/16901,Q6790276,Matthew Carrington / Matthew Hadrian Marshall Carrington
uk.org.publicwhip/lord/100744,uk.org.publicwhip/person/13088,Q6829324,Michael Cocks
uk.org.publicwhip/lord/101174,uk.org.publicwhip/person/25195,Q6849255,Michael John Whitby
uk.org.publicwhip/lord/100776,uk.org.publicwhip/person/12889,Q6948632,Myrtle Wharton
uk.org.publicwhip/lord/101171,uk.org.publicwhip/person/25192,Q7026799,Nicholas Henry Bourne
uk.org.publicwhip/lord/101166,uk.org.publicwhip/person/25188,Q7088400,Rosalind Mary Grender
uk.org.publicwhip/lord/100234,uk.org.publicwhip/person/13067,Q7146561,Richard Gibson
uk.org.publicwhip/lord/101217,uk.org.publicwhip/person/25242,Q7153504,Paul James Scriven
uk.org.publicwhip/lord/100274,uk.org.publicwhip/person/13136,Q7174535,Peter Hardy
uk.org.publicwhip/lord/100522,uk.org.publicwhip/person/13247,Q7176544,Peter Rawlinson
uk.org.publicwhip/lord/100700,uk.org.publicwhip/person/12911,Q7176861,Peter Stephen Maurice Selby 
uk.org.publicwhip/lord/100734,uk.org.publicwhip/person/13684,Q7176922,Peter Shore
uk.org.publicwhip/lord/100136,uk.org.publicwhip/person/13515,Q723200,Janet Cohen
uk.org.publicwhip/lord/101135,uk.org.publicwhip/person/25147,Q732216,Charles Mark Townshend Colville
uk.org.publicwhip/lord/100561,uk.org.publicwhip/person/12939,Q7327368,John Hubert Richard Lewis 
uk.org.publicwhip/lord/100722,uk.org.publicwhip/person/13413,Q7345311,Robert Haslam
uk.org.publicwhip/lord/100142,uk.org.publicwhip/person/12872,Q7352331,Robin Cooke
uk.org.publicwhip/lord/100173,uk.org.publicwhip/person/13662,Q735639,Navnit Dholakia
uk.org.publicwhip/lord/100025,uk.org.publicwhip/person/12880,Q739556,William Astor
uk.org.publicwhip/lord/100861,uk.org.publicwhip/person/10438,Q74329,Lewis Moonie / George Moonie
uk.org.publicwhip/lord/100757,uk.org.publicwhip/person/13366,Q743424,Noel Annan
uk.org.publicwhip/lord/100428,uk.org.publicwhip/person/13546,Q74352,Doreen Miller
uk.org.publicwhip/lord/100622,uk.org.publicwhip/person/13204,Q745894,Stewart Sutherland
uk.org.publicwhip/lord/100973,uk.org.publicwhip/person/14130,Q74990,John Frederick Mogg
uk.org.publicwhip/lord/100097,uk.org.publicwhip/person/13345,Q758509,Aubrey Buxton
uk.org.publicwhip/lord/100195,uk.org.publicwhip/person/13231,Q758985,Audrey Emerton
uk.org.publicwhip/lord/100002,uk.org.publicwhip/person/13374,Q759126,Desmond Ackner
uk.org.publicwhip/lord/100425,uk.org.publicwhip/person/13632,Q759136,Robert Methuen
uk.org.publicwhip/lord/101206,uk.org.publicwhip/person/25231,Q7608939,Stephen David Conway 
uk.org.publicwhip/lord/101202,uk.org.publicwhip/person/25224,Q7608959,Stephen Geoffrey Cottrell  / Stephen 
uk.org.publicwhip/lord/101184,uk.org.publicwhip/person/25203,Q7610517,Stephen Ashley Sherbourne
uk.org.publicwhip/lord/101170,uk.org.publicwhip/person/25191,Q7614592,Steven John Lindsey Croft 
uk.org.publicwhip/lord/100303,uk.org.publicwhip/person/13079,Q764939,James Hope
uk.org.publicwhip/lord/100948,uk.org.publicwhip/person/13919,Q765138,Charles Cathcart
uk.org.publicwhip/lord/100160,uk.org.publicwhip/person/13399,Q76959,Ralf Dahrendorf
uk.org.publicwhip/lord/100931,uk.org.publicwhip/person/13399,Q76959,Ralf Dahrendorf
uk.org.publicwhip/lord/101063,uk.org.publicwhip/person/10296,Q775059,Beverley Hughes / Beverley June Hughes
uk.org.publicwhip/lord/100416,uk.org.publicwhip/person/12902,Q780188,Mark Marlesford
uk.org.publicwhip/lord/100971,uk.org.publicwhip/person/14127,Q780817,John William Hind 
uk.org.publicwhip/lord/100061,uk.org.publicwhip/person/12982,Q7814996,Thomas Boardman
uk.org.publicwhip/lord/100919,uk.org.publicwhip/person/13731,Q785236,Edmund Crisp
uk.org.publicwhip/lord/100431,uk.org.publicwhip/person/13283,Q7926162,Victor Mishcon
uk.org.publicwhip/lord/100495,uk.org.publicwhip/person/13598,Q7965822,Walter Perry
uk.org.publicwhip/lord/100127,uk.org.publicwhip/person/13255,Q8006825,William Clark
uk.org.publicwhip/lord/101235,uk.org.publicwhip/person/13799,Q8011049,William Hay / William Alexander Hay
uk.org.publicwhip/lord/101187,uk.org.publicwhip/person/25206,Q8021554,William Haughey
uk.org.publicwhip/lord/101005,uk.org.publicwhip/person/24705,Q80390,Anthony William Hall
uk.org.publicwhip/lord/101168,uk.org.publicwhip/person/25190,Q8064673,Zahida Parveen Manzoor
uk.org.publicwhip/lord/100704,uk.org.publicwhip/person/13030,Q807703,Barbara Young
uk.org.publicwhip/lord/100338,uk.org.publicwhip/person/10317,Q809053,Barry Jones
uk.org.publicwhip/lord/100209,uk.org.publicwhip/person/12855,Q810021,Basil Feldman
uk.org.publicwhip/lord/101105,uk.org.publicwhip/person/25052,Q816608,Benjamin Russell Mackintosh Stoneham
uk.org.publicwhip/lord/100413,uk.org.publicwhip/person/12905,Q817609,Benjamin Mancroft
uk.org.publicwhip/lord/101045,uk.org.publicwhip/person/24995,Q82213,Dolar Amarshi Popat
uk.org.publicwhip/lord/100178,uk.org.publicwhip/person/13651,Q822384,Bernard Donoughue
uk.org.publicwhip/lord/101082,uk.org.publicwhip/person/25021,Q822672,Bernard Francisco Ribeiro
uk.org.publicwhip/lord/100676,uk.org.publicwhip/person/12898,Q822768,Bernard Weatherill
uk.org.publicwhip/lord/100333,uk.org.publicwhip/person/12858,Q82278,George Jellicoe
uk.org.publicwhip/lord/100170,uk.org.publicwhip/person/13659,Q828433,Bertram Denham
uk.org.publicwhip/lord/100505,uk.org.publicwhip/person/13426,Q829284,Beryl Platt
uk.org.publicwhip/lord/100678,uk.org.publicwhip/person/12888,Q84842,George Weidenfeld
uk.org.publicwhip/lord/100382,uk.org.publicwhip/person/13132,Q850375,Betty Lockwood
uk.org.publicwhip/lord/100077,uk.org.publicwhip/person/13641,Q868283,John Brightman
uk.org.publicwhip/lord/100217,uk.org.publicwhip/person/13467,Q912174,Brian Flowers
uk.org.publicwhip/lord/100263,uk.org.publicwhip/person/13417,Q912275,Brian Griffiths
uk.org.publicwhip/lord/100320,uk.org.publicwhip/person/13486,Q912381,Brian Hutton
uk.org.publicwhip/lord/100404,uk.org.publicwhip/person/13125,Q912608,Brian Mackenzie
uk.org.publicwhip/lord/100347,uk.org.publicwhip/person/12991,Q918902,Marcus Kimball
uk.org.publicwhip/lord/101205,uk.org.publicwhip/person/25229,Q922004,David Julian Richards
uk.org.publicwhip/lord/100004,uk.org.publicwhip/person/13368,Q934801,Dominic Addington
uk.org.publicwhip/lord/100441,uk.org.publicwhip/person/13044,Q93657,Kenneth Morgan
uk.org.publicwhip/lord/100653,uk.org.publicwhip/person/13273,Q936742,Nicholas Ullswater
uk.org.publicwhip/lord/100797,uk.org.publicwhip/person/13480,Q93806,Delyth Morgan
uk.org.publicwhip/lord/101149,uk.org.publicwhip/person/13480,Q93806,Delyth Morgan
uk.org.publicwhip/lord/100935,uk.org.publicwhip/person/13881,Q949084,Karan Bilimoria
uk.org.publicwhip/lord/100801,uk.org.publicwhip/person/13056,Q954374,Edward Ballyedmond
uk.org.publicwhip/lord/100374,uk.org.publicwhip/person/13645,Q959345,David Lipsey
uk.org.publicwhip/lord/100310,uk.org.publicwhip/person/13349,Q962656,William Howie
uk.org.publicwhip/lord/101201,uk.org.publicwhip/person/25223,Q965182,Christopher Richard James Foster 
uk.org.publicwhip/lord/100305,uk.org.publicwhip/person/13077,Q977967,Frederick Howe
uk.org.publicwhip/lord/100264,uk.org.publicwhip/person/10247,Q991654,Bruce Grocott
uk.org.publicwhip/lord/100946,uk.org.publicwhip/person/13890,Q992668,Michael Walker
uk.org.publicwhip/lord/100164,uk.org.publicwhip/person/13395,Q994984,Bryan Davies
uk.org.publicwhip/lord/101124,uk.org.publicwhip/person/25059,Q995315,Bryony Katherine Worthington
uk.org.publicwhip/lord/100494,uk.org.publicwhip/person/13009,Q995702,Pauline Perry
